run,pair,alert_count,first_window,last_window,start_time,end_time,highest_current_severity,max_abs_delta,contains_reversal
aws_20_10,ec2_net <-> elb_req,2,1,2,2014-04-10T00:54:00Z,2014-04-10T03:24:00Z,LOW,0.46583773829541847,True
aws_20_10,ec2_net <-> elb_req,1,11,11,2014-04-10T09:19:00Z,2014-04-10T10:54:00Z,LOW,0.32307187164581147,False
aws_20_10,ec2_net <-> elb_req,1,13,13,2014-04-10T10:59:00Z,2014-04-10T12:39:00Z,LOW,0.43729289002952143,True
aws_20_10,ec2_net <-> elb_req,2,17,18,2014-04-10T14:24:00Z,2014-04-10T16:49:00Z,LOW,0.3118839903945656,True
aws_20_10,ec2_net <-> elb_req,1,34,34,2014-04-11T04:34:00Z,2014-04-11T06:09:00Z,LOW,0.4628574009419595,True
aws_20_10,ec2_net <-> elb_req,1,42,42,2014-04-11T11:14:00Z,2014-04-11T12:49:00Z,LOW,0.3673730492468486,True
aws_20_10,ec2_net <-> elb_req,2,49,50,2014-04-11T17:04:00Z,2014-04-11T19:29:00Z,MEDIUM,0.5935190861258934,True
aws_20_10,ec2_net <-> elb_req,1,53,53,2014-04-11T20:24:00Z,2014-04-11T21:59:00Z,LOW,0.37905961498054397,False
aws_20_10,ec2_net <-> elb_req,1,66,66,2014-04-12T07:14:00Z,2014-04-12T08:49:00Z,MEDIUM,0.5757818305166001,True
aws_20_10,ec2_net <-> elb_req,2,76,77,2014-04-12T15:34:00Z,2014-04-12T17:59:00Z,LOW,0.42758838381083625,True
aws_20_10,ec2_net <-> elb_req,1,81,81,2014-04-12T19:44:00Z,2014-04-12T21:19:00Z,LOW,0.40684759687605665,True
aws_20_10,ec2_net <-> elb_req,2,85,86,2014-04-12T23:04:00Z,2014-04-13T01:29:00Z,MEDIUM,0.509071643433047,True
aws_20_10,ec2_net <-> elb_req,3,93,95,2014-04-13T05:49:00Z,2014-04-13T09:04:00Z,LOW,0.4555325828258958,True
aws_20_10,ec2_net <-> elb_req,1,97,97,2014-04-13T09:09:00Z,2014-04-13T10:44:00Z,LOW,0.374280091263654,True
aws_20_10,ec2_net <-> elb_req,1,102,102,2014-04-13T13:19:00Z,2014-04-13T14:54:00Z,LOW,0.4107768368164128,True
aws_20_10,ec2_net <-> elb_req,1,107,107,2014-04-13T17:29:00Z,2014-04-13T19:04:00Z,LOW,0.3318073217211321,True
aws_20_10,ec2_net <-> elb_req,1,111,111,2014-04-13T20:49:00Z,2014-04-13T22:29:00Z,LOW,0.3975627532820256,True
aws_20_10,ec2_net <-> elb_req,1,113,113,2014-04-13T22:34:00Z,2014-04-14T00:14:00Z,LOW,0.3390812783645487,True
aws_20_10,ec2_net <-> elb_req,1,116,116,2014-04-14T01:09:00Z,2014-04-14T02:44:00Z,LOW,0.4382548862652371,True
aws_20_10,ec2_net <-> elb_req,1,118,118,2014-04-14T02:49:00Z,2014-04-14T04:24:00Z,LOW,0.30239349471554294,True
aws_20_10,ec2_net <-> elb_req,1,125,125,2014-04-14T08:39:00Z,2014-04-14T10:14:00Z,LOW,0.49149690719749706,False
aws_20_10,ec2_net <-> elb_req,2,129,130,2014-04-14T11:59:00Z,2014-04-14T14:24:00Z,MEDIUM,0.5035742887715335,True
aws_20_10,ec2_net <-> elb_req,2,134,135,2014-04-14T16:09:00Z,2014-04-14T18:34:00Z,MEDIUM,0.5123458758955541,True
aws_20_10,ec2_net <-> elb_req,1,139,139,2014-04-14T20:19:00Z,2014-04-14T21:54:00Z,MEDIUM,0.5717447834829755,True
aws_20_10,ec2_net <-> elb_req,1,142,142,2014-04-14T22:49:00Z,2014-04-15T00:24:00Z,LOW,0.4854358297489396,True
aws_20_10,ec2_net <-> elb_req,2,150,151,2014-04-15T05:29:00Z,2014-04-15T07:54:00Z,LOW,0.41540112831108095,True
aws_20_10,ec2_net <-> elb_req,1,157,157,2014-04-15T11:19:00Z,2014-04-15T12:54:00Z,LOW,0.3010150340873545,True
aws_20_10,ec2_net <-> elb_req,1,160,160,2014-04-15T13:49:00Z,2014-04-15T15:24:00Z,LOW,0.31605532575331363,False
aws_20_10,ec2_net <-> elb_req,2,162,163,2014-04-15T15:29:00Z,2014-04-15T17:54:00Z,HIGH,0.7133432438729104,True
aws_20_10,ec2_net <-> elb_req,1,165,165,2014-04-15T17:59:00Z,2014-04-15T19:34:00Z,LOW,0.3129874365471242,True
aws_20_10,ec2_net <-> elb_req,1,170,170,2014-04-15T22:09:00Z,2014-04-15T23:44:00Z,LOW,0.38331040143314177,False
aws_20_10,ec2_net <-> elb_req,2,172,173,2014-04-15T23:49:00Z,2014-04-16T02:14:00Z,MEDIUM,0.6476151715658087,True
aws_20_10,ec2_net <-> elb_req,1,175,175,2014-04-16T02:19:00Z,2014-04-16T03:54:00Z,LOW,0.4761507827137317,True
aws_20_10,ec2_net <-> elb_req,1,177,177,2014-04-16T03:59:00Z,2014-04-16T05:39:00Z,LOW,0.34614529019371015,True
aws_20_10,ec2_net <-> elb_req,1,180,180,2014-04-16T06:34:00Z,2014-04-16T08:09:00Z,LOW,0.33044734218267124,False
aws_20_10,ec2_net <-> elb_req,1,185,185,2014-04-16T10:44:00Z,2014-04-16T12:24:00Z,LOW,0.43796986371553454,True
aws_20_10,ec2_net <-> elb_req,1,187,187,2014-04-16T12:29:00Z,2014-04-16T14:04:00Z,MEDIUM,0.6272136577741569,True
aws_20_10,ec2_net <-> elb_req,2,189,190,2014-04-16T14:09:00Z,2014-04-16T16:34:00Z,MEDIUM,0.5399831670666544,True
aws_20_10,ec2_net <-> elb_req,1,193,193,2014-04-16T17:29:00Z,2014-04-16T19:04:00Z,MEDIUM,0.6238114407972793,True
aws_20_10,ec2_net <-> elb_req,5,196,200,2014-04-16T19:59:00Z,2014-04-17T00:54:00Z,MEDIUM,0.6271486972520987,True
aws_20_10,ec2_net <-> elb_req,1,208,208,2014-04-17T05:59:00Z,2014-04-17T07:34:00Z,LOW,0.31451660580028973,False
aws_20_10,ec2_net <-> elb_req,1,212,212,2014-04-17T09:19:00Z,2014-04-17T10:54:00Z,HIGH,0.7706232569443241,True
aws_20_10,ec2_net <-> elb_req,1,214,214,2014-04-17T10:59:00Z,2014-04-17T12:34:00Z,MEDIUM,0.6905401023329384,True
aws_20_10,ec2_net <-> elb_req,2,221,222,2014-04-17T16:54:00Z,2014-04-17T19:19:00Z,MEDIUM,0.6435753458782705,True
aws_20_10,ec2_net <-> elb_req,1,226,226,2014-04-17T21:04:00Z,2014-04-17T22:39:00Z,LOW,0.34594874176657986,True
aws_20_10,ec2_net <-> elb_req,1,237,237,2014-04-18T06:14:00Z,2014-04-18T07:49:00Z,LOW,0.44270986732374606,True
aws_20_10,ec2_net <-> elb_req,1,240,240,2014-04-18T08:49:00Z,2014-04-18T10:24:00Z,LOW,0.3919371464453231,False
aws_20_10,ec2_net <-> elb_req,2,246,247,2014-04-18T13:49:00Z,2014-04-18T16:14:00Z,MEDIUM,0.5012990530634869,False
aws_20_10,ec2_net <-> elb_req,1,253,253,2014-04-18T19:39:00Z,2014-04-18T21:14:00Z,MEDIUM,0.515177789308601,True
aws_20_10,ec2_net <-> elb_req,1,256,256,2014-04-18T22:09:00Z,2014-04-18T23:44:00Z,LOW,0.32531087332695074,False
aws_20_10,ec2_net <-> elb_req,2,260,261,2014-04-19T01:29:00Z,2014-04-19T03:54:00Z,LOW,0.4231356732735096,True
aws_20_10,ec2_net <-> elb_req,1,263,263,2014-04-19T03:59:00Z,2014-04-19T05:34:00Z,MEDIUM,0.5643940284545959,True
aws_20_10,ec2_net <-> elb_req,2,265,266,2014-04-19T05:39:00Z,2014-04-19T08:04:00Z,LOW,0.418526204915402,True
aws_20_10,ec2_net <-> elb_req,1,270,270,2014-04-19T09:49:00Z,2014-04-19T11:24:00Z,LOW,0.3275859009930442,True
aws_20_10,ec2_net <-> elb_req,1,279,279,2014-04-19T17:19:00Z,2014-04-19T18:54:00Z,LOW,0.36940169131181416,True
aws_20_10,ec2_net <-> elb_req,1,286,286,2014-04-19T23:09:00Z,2014-04-20T00:44:00Z,LOW,0.3121910933997555,True
aws_20_10,ec2_net <-> elb_req,1,290,290,2014-04-20T02:29:00Z,2014-04-20T04:04:00Z,LOW,0.40010396827238764,True
aws_20_10,ec2_net <-> elb_req,1,292,292,2014-04-20T04:09:00Z,2014-04-20T05:49:00Z,MEDIUM,0.5709300417728854,True
aws_20_10,ec2_net <-> elb_req,3,300,302,2014-04-20T10:54:00Z,2014-04-20T14:09:00Z,MEDIUM,0.6607616131494176,True
aws_20_10,ec2_net <-> elb_req,1,304,304,2014-04-20T14:14:00Z,2014-04-20T15:49:00Z,LOW,0.4580888723821921,True
aws_20_10,ec2_net <-> elb_req,1,311,311,2014-04-20T20:04:00Z,2014-04-20T21:39:00Z,LOW,0.38945905661344254,True
aws_20_10,ec2_net <-> elb_req,1,313,313,2014-04-20T21:44:00Z,2014-04-20T23:19:00Z,LOW,0.40204756774298156,True
aws_20_10,ec2_net <-> elb_req,1,317,317,2014-04-21T01:04:00Z,2014-04-21T02:39:00Z,LOW,0.40878953142095253,True
aws_20_10,ec2_net <-> elb_req,1,330,330,2014-04-21T11:54:00Z,2014-04-21T13:29:00Z,MEDIUM,0.5506504410844794,True
aws_20_10,ec2_net <-> elb_req,2,335,336,2014-04-21T16:04:00Z,2014-04-21T18:29:00Z,MEDIUM,0.6372743376362167,True
aws_20_10,ec2_net <-> elb_req,1,340,340,2014-04-21T20:14:00Z,2014-04-21T21:49:00Z,MEDIUM,0.6743124689911488,True
aws_20_10,ec2_net <-> elb_req,1,342,342,2014-04-21T21:54:00Z,2014-04-21T23:29:00Z,HIGH,0.7078918437308246,True
aws_20_10,ec2_net <-> elb_req,1,349,349,2014-04-22T03:44:00Z,2014-04-22T05:19:00Z,LOW,0.4541600176333994,True
aws_20_10,ec2_net <-> elb_req,1,352,352,2014-04-22T06:14:00Z,2014-04-22T07:49:00Z,LOW,0.3334429950958329,True
aws_20_10,ec2_net <-> elb_req,1,355,355,2014-04-22T08:44:00Z,2014-04-22T10:19:00Z,MEDIUM,0.5029982526247454,True
aws_20_10,ec2_net <-> elb_req,1,362,362,2014-04-22T14:34:00Z,2014-04-22T16:09:00Z,LOW,0.3260239612387045,False
aws_20_10,ec2_net <-> elb_req,2,364,365,2014-04-22T16:14:00Z,2014-04-22T18:39:00Z,MEDIUM,0.644619343317317,True
aws_20_10,ec2_net <-> elb_req,1,383,383,2014-04-23T08:04:00Z,2014-04-23T09:39:00Z,LOW,0.3378823955488831,True
aws_20_10,ec2_net <-> elb_req,1,386,386,2014-04-23T10:34:00Z,2014-04-23T12:09:00Z,LOW,0.455188609122417,True
aws_20_10,ec2_net <-> elb_req,1,388,388,2014-04-23T12:14:00Z,2014-04-23T13:49:00Z,LOW,0.356154750517647,True
aws_20_10,ec2_net <-> elb_req,1,397,397,2014-04-23T19:44:00Z,2014-04-23T21:19:00Z,LOW,0.35226066566481684,True
aws_20_10,ec2_net <-> elb_req,1,400,400,2014-04-23T22:14:00Z,2014-04-23T23:49:00Z,LOW,0.307185345627601,True
aws_20_10,ec2_cpu <-> ec2_net,1,2,2,2014-04-10T01:44:00Z,2014-04-10T03:24:00Z,MEDIUM,0.6338076202496667,True
aws_20_10,ec2_cpu <-> ec2_net,1,6,6,2014-04-10T05:09:00Z,2014-04-10T06:44:00Z,LOW,0.31270583919075157,True
aws_20_10,ec2_cpu <-> ec2_net,2,13,14,2014-04-10T10:59:00Z,2014-04-10T13:29:00Z,LOW,0.4216518721394134,True
aws_20_10,ec2_cpu <-> ec2_net,2,18,19,2014-04-10T15:14:00Z,2014-04-10T17:39:00Z,LOW,0.3342576030266631,True
aws_20_10,ec2_cpu <-> ec2_net,1,26,26,2014-04-10T21:54:00Z,2014-04-10T23:29:00Z,LOW,0.3294883123169916,True
aws_20_10,ec2_cpu <-> ec2_net,1,28,28,2014-04-10T23:34:00Z,2014-04-11T01:09:00Z,LOW,0.3211091519728469,True
aws_20_10,ec2_cpu <-> ec2_net,1,31,31,2014-04-11T02:04:00Z,2014-04-11T03:39:00Z,LOW,0.3302605505657641,True
aws_20_10,ec2_cpu <-> ec2_net,1,42,42,2014-04-11T11:14:00Z,2014-04-11T12:49:00Z,LOW,0.3265894689953751,False
aws_20_10,ec2_cpu <-> ec2_net,1,44,44,2014-04-11T12:54:00Z,2014-04-11T14:29:00Z,LOW,0.3147685841497435,True
aws_20_10,ec2_cpu <-> ec2_net,1,47,47,2014-04-11T15:24:00Z,2014-04-11T16:59:00Z,LOW,0.4579449540297986,True
aws_20_10,ec2_cpu <-> ec2_net,2,49,50,2014-04-11T17:04:00Z,2014-04-11T19:29:00Z,MEDIUM,0.4348196730606662,False
aws_20_10,ec2_cpu <-> ec2_net,2,52,53,2014-04-11T19:34:00Z,2014-04-11T21:59:00Z,HIGH,0.748228526316493,True
aws_20_10,ec2_cpu <-> ec2_net,3,55,57,2014-04-11T22:04:00Z,2014-04-12T01:19:00Z,LOW,0.3501588003321273,True
aws_20_10,ec2_cpu <-> ec2_net,1,65,65,2014-04-12T06:24:00Z,2014-04-12T07:59:00Z,LOW,0.325516373043805,False
aws_20_10,ec2_cpu <-> ec2_net,4,70,73,2014-04-12T10:34:00Z,2014-04-12T14:39:00Z,MEDIUM,0.5338109734211245,True
aws_20_10,ec2_cpu <-> ec2_net,1,82,82,2014-04-12T20:34:00Z,2014-04-12T22:09:00Z,LOW,0.4239615859070225,True
aws_20_10,ec2_cpu <-> ec2_net,1,89,89,2014-04-13T02:24:00Z,2014-04-13T04:04:00Z,LOW,0.3840773062974864,False
aws_20_10,ec2_cpu <-> ec2_net,1,91,91,2014-04-13T04:09:00Z,2014-04-13T05:44:00Z,LOW,0.4660295691666626,True
aws_20_10,ec2_cpu <-> ec2_net,1,96,96,2014-04-13T08:19:00Z,2014-04-13T09:54:00Z,LOW,0.328892475076108,True
aws_20_10,ec2_cpu <-> ec2_net,3,99,101,2014-04-13T10:49:00Z,2014-04-13T14:04:00Z,LOW,0.43246489548741596,True
aws_20_10,ec2_cpu <-> ec2_net,1,105,105,2014-04-13T15:49:00Z,2014-04-13T17:24:00Z,LOW,0.4260481454611901,True
aws_20_10,ec2_cpu <-> ec2_net,1,125,125,2014-04-14T08:39:00Z,2014-04-14T10:14:00Z,LOW,0.3047037826075164,True
aws_20_10,ec2_cpu <-> ec2_net,3,132,134,2014-04-14T14:29:00Z,2014-04-14T17:44:00Z,LOW,0.48837639021600426,True
aws_20_10,ec2_cpu <-> ec2_net,1,140,140,2014-04-14T21:09:00Z,2014-04-14T22:44:00Z,LOW,0.34520621815180885,False
aws_20_10,ec2_cpu <-> ec2_net,1,142,142,2014-04-14T22:49:00Z,2014-04-15T00:24:00Z,LOW,0.3401172856417548,True
aws_20_10,ec2_cpu <-> ec2_net,1,144,144,2014-04-15T00:29:00Z,2014-04-15T02:04:00Z,MEDIUM,0.5914196313395172,True
aws_20_10,ec2_cpu <-> ec2_net,1,146,146,2014-04-15T02:09:00Z,2014-04-15T03:44:00Z,LOW,0.4338850340117469,False
aws_20_10,ec2_cpu <-> ec2_net,1,159,159,2014-04-15T12:59:00Z,2014-04-15T14:34:00Z,MEDIUM,0.6242671407747644,True
aws_20_10,ec2_cpu <-> ec2_net,1,161,161,2014-04-15T14:39:00Z,2014-04-15T16:14:00Z,LOW,0.3063046795133912,True
aws_20_10,ec2_cpu <-> ec2_net,2,163,164,2014-04-15T16:19:00Z,2014-04-15T18:44:00Z,MEDIUM,0.5585857006364465,True
aws_20_10,ec2_cpu <-> ec2_net,2,166,167,2014-04-15T18:49:00Z,2014-04-15T21:14:00Z,MEDIUM,0.5222460581792205,True
aws_20_10,ec2_cpu <-> ec2_net,1,170,170,2014-04-15T22:09:00Z,2014-04-15T23:44:00Z,LOW,0.39576787486967174,True
aws_20_10,ec2_cpu <-> ec2_net,1,172,172,2014-04-15T23:49:00Z,2014-04-16T01:24:00Z,HIGH,0.7279373359090422,True
aws_20_10,ec2_cpu <-> ec2_net,1,174,174,2014-04-16T01:29:00Z,2014-04-16T03:04:00Z,LOW,0.31129118890642016,True
aws_20_10,ec2_cpu <-> ec2_net,2,176,177,2014-04-16T03:09:00Z,2014-04-16T05:39:00Z,HIGH,1.5028195198847478,True
aws_20_10,ec2_cpu <-> ec2_net,1,179,179,2014-04-16T05:44:00Z,2014-04-16T07:19:00Z,MEDIUM,0.6987985598963078,True
aws_20_10,ec2_cpu <-> ec2_net,1,187,187,2014-04-16T12:29:00Z,2014-04-16T14:04:00Z,LOW,0.30016210675391275,True
aws_20_10,ec2_cpu <-> ec2_net,2,189,190,2014-04-16T14:09:00Z,2014-04-16T16:34:00Z,HIGH,0.7132547421192674,True
aws_20_10,ec2_cpu <-> ec2_net,1,193,193,2014-04-16T17:29:00Z,2014-04-16T19:04:00Z,LOW,0.3967723183952413,True
aws_20_10,ec2_cpu <-> ec2_net,1,197,197,2014-04-16T20:49:00Z,2014-04-16T22:24:00Z,LOW,0.3227706849432533,True
aws_20_10,ec2_cpu <-> ec2_net,1,218,218,2014-04-17T14:19:00Z,2014-04-17T15:59:00Z,MEDIUM,0.525742140203223,True
aws_20_10,ec2_cpu <-> ec2_net,1,221,221,2014-04-17T16:54:00Z,2014-04-17T18:29:00Z,LOW,0.4879226351420598,True
aws_20_10,ec2_cpu <-> ec2_net,1,227,227,2014-04-17T21:54:00Z,2014-04-17T23:29:00Z,LOW,0.4409175771399422,True
aws_20_10,ec2_cpu <-> ec2_net,1,229,229,2014-04-17T23:34:00Z,2014-04-18T01:09:00Z,LOW,0.40096929956413335,True
aws_20_10,ec2_cpu <-> ec2_net,1,234,234,2014-04-18T03:44:00Z,2014-04-18T05:19:00Z,LOW,0.35752667962245555,True
aws_20_10,ec2_cpu <-> ec2_net,1,245,245,2014-04-18T12:59:00Z,2014-04-18T14:34:00Z,LOW,0.44269126333068476,True
aws_20_10,ec2_cpu <-> ec2_net,1,253,253,2014-04-18T19:39:00Z,2014-04-18T21:14:00Z,LOW,0.3308083114467006,True
aws_20_10,ec2_cpu <-> ec2_net,1,273,273,2014-04-19T12:19:00Z,2014-04-19T13:54:00Z,MEDIUM,0.542427283248567,True
aws_20_10,ec2_cpu <-> ec2_net,1,276,276,2014-04-19T14:49:00Z,2014-04-19T16:24:00Z,LOW,0.3065732548966295,True
aws_20_10,ec2_cpu <-> ec2_net,1,278,278,2014-04-19T16:29:00Z,2014-04-19T18:04:00Z,LOW,0.3542469006076242,True
aws_20_10,ec2_cpu <-> ec2_net,1,297,297,2014-04-20T08:24:00Z,2014-04-20T09:59:00Z,LOW,0.37214910359645786,False
aws_20_10,ec2_cpu <-> ec2_net,1,322,322,2014-04-21T05:14:00Z,2014-04-21T06:49:00Z,LOW,0.39084301300390323,True
aws_20_10,ec2_cpu <-> ec2_net,1,325,325,2014-04-21T07:44:00Z,2014-04-21T09:19:00Z,LOW,0.3277643884708336,True
aws_20_10,ec2_cpu <-> ec2_net,1,330,330,2014-04-21T11:54:00Z,2014-04-21T13:29:00Z,LOW,0.49688595868473057,True
aws_20_10,ec2_cpu <-> ec2_net,1,349,349,2014-04-22T03:44:00Z,2014-04-22T05:19:00Z,LOW,0.3808686925281286,True
aws_20_10,ec2_cpu <-> ec2_net,1,362,362,2014-04-22T14:34:00Z,2014-04-22T16:09:00Z,LOW,0.4654781059999377,True
aws_20_10,ec2_cpu <-> ec2_net,1,365,365,2014-04-22T17:04:00Z,2014-04-22T18:39:00Z,LOW,0.47743509239152015,True
aws_20_10,ec2_cpu <-> ec2_net,1,372,372,2014-04-22T22:54:00Z,2014-04-23T00:29:00Z,LOW,0.32839106619020153,False
aws_20_10,ec2_cpu <-> ec2_net,1,375,375,2014-04-23T01:24:00Z,2014-04-23T02:59:00Z,LOW,0.478588605869515,True
aws_20_10,ec2_cpu <-> ec2_net,1,388,388,2014-04-23T12:14:00Z,2014-04-23T13:49:00Z,LOW,0.397496029044495,False
aws_20_10,ec2_cpu <-> ec2_net,1,394,394,2014-04-23T17:14:00Z,2014-04-23T18:49:00Z,MEDIUM,0.50017931557631,True
aws_20_10,ec2_cpu <-> elb_req,2,2,3,2014-04-10T01:44:00Z,2014-04-10T04:14:00Z,LOW,0.32558737354104417,False
aws_20_10,ec2_cpu <-> elb_req,1,22,22,2014-04-10T18:34:00Z,2014-04-10T20:09:00Z,MEDIUM,0.6732163266006532,True
aws_20_10,ec2_cpu <-> elb_req,1,24,24,2014-04-10T20:14:00Z,2014-04-10T21:49:00Z,LOW,0.311986869991723,False
aws_20_10,ec2_cpu <-> elb_req,1,27,27,2014-04-10T22:44:00Z,2014-04-11T00:19:00Z,LOW,0.3784285428575989,True
aws_20_10,ec2_cpu <-> elb_req,1,38,38,2014-04-11T07:54:00Z,2014-04-11T09:29:00Z,LOW,0.3399729300858297,True
aws_20_10,ec2_cpu <-> elb_req,1,41,41,2014-04-11T10:24:00Z,2014-04-11T11:59:00Z,LOW,0.30502225185641135,True
aws_20_10,ec2_cpu <-> elb_req,1,49,49,2014-04-11T17:04:00Z,2014-04-11T18:39:00Z,LOW,0.3969904096909078,True
aws_20_10,ec2_cpu <-> elb_req,1,52,52,2014-04-11T19:34:00Z,2014-04-11T21:09:00Z,LOW,0.3005683332186033,True
aws_20_10,ec2_cpu <-> elb_req,1,57,57,2014-04-11T23:44:00Z,2014-04-12T01:19:00Z,MEDIUM,0.5468382914750352,True
aws_20_10,ec2_cpu <-> elb_req,1,74,74,2014-04-12T13:54:00Z,2014-04-12T15:29:00Z,LOW,0.36417808777272614,True
aws_20_10,ec2_cpu <-> elb_req,4,76,79,2014-04-12T15:34:00Z,2014-04-12T19:39:00Z,LOW,0.4134867158901308,True
aws_20_10,ec2_cpu <-> elb_req,1,81,81,2014-04-12T19:44:00Z,2014-04-12T21:19:00Z,LOW,0.31705882177155387,True
aws_20_10,ec2_cpu <-> elb_req,1,90,90,2014-04-13T03:14:00Z,2014-04-13T04:54:00Z,LOW,0.32660891800004266,False
aws_20_10,ec2_cpu <-> elb_req,1,95,95,2014-04-13T07:29:00Z,2014-04-13T09:04:00Z,MEDIUM,0.5792707715164032,True
aws_20_10,ec2_cpu <-> elb_req,2,99,100,2014-04-13T10:49:00Z,2014-04-13T13:14:00Z,LOW,0.4843486358888359,True
aws_20_10,ec2_cpu <-> elb_req,1,102,102,2014-04-13T13:19:00Z,2014-04-13T14:54:00Z,LOW,0.30213806377822783,False
aws_20_10,ec2_cpu <-> elb_req,1,104,104,2014-04-13T14:59:00Z,2014-04-13T16:34:00Z,LOW,0.35876616793535704,True
aws_20_10,ec2_cpu <-> elb_req,1,124,124,2014-04-14T07:49:00Z,2014-04-14T09:24:00Z,MEDIUM,0.5585767984074808,True
aws_20_10,ec2_cpu <-> elb_req,1,130,130,2014-04-14T12:49:00Z,2014-04-14T14:24:00Z,LOW,0.30180685014237896,False
aws_20_10,ec2_cpu <-> elb_req,1,132,132,2014-04-14T14:29:00Z,2014-04-14T16:04:00Z,MEDIUM,0.5762750767752655,True
aws_20_10,ec2_cpu <-> elb_req,1,138,138,2014-04-14T19:29:00Z,2014-04-14T21:04:00Z,LOW,0.47639015756818526,True
aws_20_10,ec2_cpu <-> elb_req,1,140,140,2014-04-14T21:09:00Z,2014-04-14T22:44:00Z,LOW,0.4068089241434582,False
aws_20_10,ec2_cpu <-> elb_req,1,142,142,2014-04-14T22:49:00Z,2014-04-15T00:24:00Z,LOW,0.3636915627426323,True
aws_20_10,ec2_cpu <-> elb_req,1,159,159,2014-04-15T12:59:00Z,2014-04-15T14:34:00Z,LOW,0.4750505726697161,True
aws_20_10,ec2_cpu <-> elb_req,1,161,161,2014-04-15T14:39:00Z,2014-04-15T16:14:00Z,LOW,0.4726156192193784,True
aws_20_10,ec2_cpu <-> elb_req,1,169,169,2014-04-15T21:19:00Z,2014-04-15T22:54:00Z,MEDIUM,0.5172666870884473,True
aws_20_10,ec2_cpu <-> elb_req,2,174,175,2014-04-16T01:29:00Z,2014-04-16T03:54:00Z,LOW,0.41871485414445975,True
aws_20_10,ec2_cpu <-> elb_req,3,180,182,2014-04-16T06:34:00Z,2014-04-16T09:49:00Z,MEDIUM,0.647581712920118,True
aws_20_10,ec2_cpu <-> elb_req,1,189,189,2014-04-16T14:09:00Z,2014-04-16T15:44:00Z,LOW,0.48599303181714304,True
aws_20_10,ec2_cpu <-> elb_req,1,194,194,2014-04-16T18:19:00Z,2014-04-16T19:54:00Z,LOW,0.33323615242270654,False
aws_20_10,ec2_cpu <-> elb_req,1,203,203,2014-04-17T01:49:00Z,2014-04-17T03:24:00Z,LOW,0.3547704460885288,True
aws_20_10,ec2_cpu <-> elb_req,1,210,210,2014-04-17T07:39:00Z,2014-04-17T09:14:00Z,LOW,0.35847926898403715,True
aws_20_10,ec2_cpu <-> elb_req,1,228,228,2014-04-17T22:44:00Z,2014-04-18T00:19:00Z,LOW,0.4007424123150073,False
aws_20_10,ec2_cpu <-> elb_req,1,241,241,2014-04-18T09:39:00Z,2014-04-18T11:14:00Z,LOW,0.3019370904789992,False
aws_20_10,ec2_cpu <-> elb_req,1,243,243,2014-04-18T11:19:00Z,2014-04-18T12:54:00Z,LOW,0.4987183817563609,True
aws_20_10,ec2_cpu <-> elb_req,1,247,247,2014-04-18T14:39:00Z,2014-04-18T16:14:00Z,MEDIUM,0.534320698334865,True
aws_20_10,ec2_cpu <-> elb_req,1,249,249,2014-04-18T16:19:00Z,2014-04-18T17:54:00Z,LOW,0.39423268843719406,False
aws_20_10,ec2_cpu <-> elb_req,1,253,253,2014-04-18T19:39:00Z,2014-04-18T21:14:00Z,MEDIUM,0.5297302873187394,True
aws_20_10,ec2_cpu <-> elb_req,1,257,257,2014-04-18T22:59:00Z,2014-04-19T00:34:00Z,LOW,0.38713732363703124,True
aws_20_10,ec2_cpu <-> elb_req,1,268,268,2014-04-19T08:09:00Z,2014-04-19T09:44:00Z,LOW,0.4826336184135808,True
aws_20_10,ec2_cpu <-> elb_req,1,270,270,2014-04-19T09:49:00Z,2014-04-19T11:24:00Z,MEDIUM,0.5298055789806884,True
aws_20_10,ec2_cpu <-> elb_req,1,281,281,2014-04-19T18:59:00Z,2014-04-19T20:34:00Z,MEDIUM,0.5083462322134913,True
aws_20_10,ec2_cpu <-> elb_req,1,286,286,2014-04-19T23:09:00Z,2014-04-20T00:44:00Z,LOW,0.30900205825836263,True
aws_20_10,ec2_cpu <-> elb_req,1,291,291,2014-04-20T03:19:00Z,2014-04-20T04:59:00Z,MEDIUM,0.551064293840053,True
aws_20_10,ec2_cpu <-> elb_req,1,293,293,2014-04-20T05:04:00Z,2014-04-20T06:39:00Z,MEDIUM,0.5893336531384739,True
aws_20_10,ec2_cpu <-> elb_req,1,296,296,2014-04-20T07:34:00Z,2014-04-20T09:09:00Z,LOW,0.3682396786761921,True
aws_20_10,ec2_cpu <-> elb_req,1,311,311,2014-04-20T20:04:00Z,2014-04-20T21:39:00Z,MEDIUM,0.6464606619234621,True
aws_20_10,ec2_cpu <-> elb_req,1,313,313,2014-04-20T21:44:00Z,2014-04-20T23:19:00Z,LOW,0.42847586747582117,True
aws_20_10,ec2_cpu <-> elb_req,1,317,317,2014-04-21T01:04:00Z,2014-04-21T02:39:00Z,LOW,0.3966973139194109,True
aws_20_10,ec2_cpu <-> elb_req,1,320,320,2014-04-21T03:34:00Z,2014-04-21T05:09:00Z,LOW,0.3352628243011585,True
aws_20_10,ec2_cpu <-> elb_req,1,332,332,2014-04-21T13:34:00Z,2014-04-21T15:09:00Z,LOW,0.4355445356745794,False
aws_20_10,ec2_cpu <-> elb_req,1,334,334,2014-04-21T15:14:00Z,2014-04-21T16:49:00Z,MEDIUM,0.6729922849862973,True
aws_20_10,ec2_cpu <-> elb_req,1,343,343,2014-04-21T22:44:00Z,2014-04-22T00:19:00Z,LOW,0.3333976493626182,False
aws_20_10,ec2_cpu <-> elb_req,1,345,345,2014-04-22T00:24:00Z,2014-04-22T01:59:00Z,LOW,0.31426622038029284,True
aws_20_10,ec2_cpu <-> elb_req,1,347,347,2014-04-22T02:04:00Z,2014-04-22T03:39:00Z,MEDIUM,0.5951040379720088,True
aws_20_10,ec2_cpu <-> elb_req,1,361,361,2014-04-22T13:44:00Z,2014-04-22T15:19:00Z,MEDIUM,0.6408106329740606,True
aws_20_10,ec2_cpu <-> elb_req,1,367,367,2014-04-22T18:44:00Z,2014-04-22T20:19:00Z,MEDIUM,0.5801698868260057,True
aws_20_10,ec2_cpu <-> elb_req,2,371,372,2014-04-22T22:04:00Z,2014-04-23T00:29:00Z,LOW,0.33952743561824295,True
aws_20_10,ec2_cpu <-> elb_req,1,376,376,2014-04-23T02:14:00Z,2014-04-23T03:49:00Z,LOW,0.3614607950329446,True
aws_20_10,ec2_cpu <-> elb_req,1,378,378,2014-04-23T03:54:00Z,2014-04-23T05:29:00Z,LOW,0.33969857486590793,False
aws_20_10,ec2_cpu <-> elb_req,1,380,380,2014-04-23T05:34:00Z,2014-04-23T07:09:00Z,MEDIUM,0.635009774023718,True
aws_20_10,ec2_cpu <-> elb_req,1,382,382,2014-04-23T07:14:00Z,2014-04-23T08:49:00Z,LOW,0.3507742976207179,True
aws_60_30,ec2_cpu <-> elb_req,1,4,4,2014-04-10T10:09:00Z,2014-04-10T15:09:00Z,LOW,0.3290651091142217,True
aws_60_30,ec2_cpu <-> elb_req,2,19,20,2014-04-11T23:44:00Z,2014-04-12T07:09:00Z,LOW,0.30711338073155303,True
aws_60_30,ec2_cpu <-> elb_req,1,27,27,2014-04-12T19:44:00Z,2014-04-13T00:39:00Z,LOW,0.3209435469444789,True
aws_60_30,ec2_cpu <-> elb_req,1,47,47,2014-04-14T21:59:00Z,2014-04-15T02:54:00Z,LOW,0.31157756648278756,True
aws_60_30,ec2_cpu <-> elb_req,2,60,61,2014-04-16T06:34:00Z,2014-04-16T14:04:00Z,LOW,0.32888284209984797,True
aws_60_30,ec2_cpu <-> elb_req,1,63,63,2014-04-16T14:09:00Z,2014-04-16T19:04:00Z,LOW,0.3432649065224582,True
aws_60_30,ec2_cpu <-> elb_req,1,109,109,2014-04-21T09:24:00Z,2014-04-21T14:19:00Z,LOW,0.3428653288319788,True
aws_60_30,ec2_cpu <-> elb_req,1,124,124,2014-04-22T22:54:00Z,2014-04-23T03:49:00Z,MEDIUM,0.5114420934586728,True
aws_60_30,ec2_cpu <-> ec2_net,1,15,15,2014-04-11T13:44:00Z,2014-04-11T18:39:00Z,MEDIUM,0.6147015287204645,True
aws_60_30,ec2_cpu <-> ec2_net,1,18,18,2014-04-11T21:14:00Z,2014-04-12T02:09:00Z,MEDIUM,0.6060594065720454,True
aws_60_30,ec2_cpu <-> ec2_net,1,49,49,2014-04-15T02:59:00Z,2014-04-15T07:54:00Z,LOW,0.3869342741446596,True
aws_60_30,ec2_cpu <-> ec2_net,2,59,60,2014-04-16T03:59:00Z,2014-04-16T11:34:00Z,HIGH,0.9720664048676021,True
aws_60_30,ec2_cpu <-> ec2_net,1,66,66,2014-04-16T21:39:00Z,2014-04-17T02:34:00Z,LOW,0.3606040870931453,True
aws_60_30,ec2_cpu <-> ec2_net,1,72,72,2014-04-17T12:39:00Z,2014-04-17T17:39:00Z,LOW,0.44361382952472833,True
aws_60_30,ec2_cpu <-> ec2_net,1,122,122,2014-04-22T17:54:00Z,2014-04-22T22:49:00Z,LOW,0.37081758271303344,True
aws_60_30,ec2_net <-> elb_req,1,31,31,2014-04-13T05:49:00Z,2014-04-13T10:44:00Z,LOW,0.34294993513065375,True
aws_60_30,ec2_net <-> elb_req,1,42,42,2014-04-14T09:29:00Z,2014-04-14T14:24:00Z,LOW,0.3400306458583555,True
aws_60_30,ec2_net <-> elb_req,1,57,57,2014-04-15T22:59:00Z,2014-04-16T03:54:00Z,LOW,0.32478125204919606,False
aws_60_30,ec2_net <-> elb_req,1,59,59,2014-04-16T03:59:00Z,2014-04-16T08:59:00Z,LOW,0.3030431606277466,True
aws_60_30,ec2_net <-> elb_req,1,86,86,2014-04-18T23:49:00Z,2014-04-19T04:44:00Z,LOW,0.305458533186691,True
complex_20_10,s1 <-> s2,1,15,15,150,169,HIGH,1.6318544656054927,True
complex_20_10,s1 <-> s2,2,38,39,380,409,HIGH,1.6480696280658789,True
complex_20_10,s1 <-> s2,2,46,47,460,489,HIGH,1.5145179658347427,True
complex_20_10,s1 <-> s2,2,62,63,620,649,HIGH,1.3770863059959304,True
complex_20_10,s1 <-> s2,1,78,78,780,799,HIGH,1.763329478508695,True
complex_20_10,s1 <-> s2,1,94,94,940,959,HIGH,1.695316845098735,True
complex_20_10,s2 <-> s3,1,15,15,150,169,HIGH,1.6318544855487973,True
complex_20_10,s2 <-> s3,1,31,31,310,329,HIGH,1.7758909784700339,True
complex_20_10,s2 <-> s3,2,46,47,460,489,HIGH,1.5145179916732419,True
complex_20_10,s2 <-> s3,2,62,63,620,649,HIGH,1.3770863070232076,True
complex_20_10,s2 <-> s3,1,78,78,780,799,HIGH,1.763329510677518,True
complex_20_10,s2 <-> s3,1,94,94,940,959,HIGH,1.6953168433835746,True
complex_20_10,s1 <-> s3,1,31,31,310,329,HIGH,1.7758909784700339,True
complex_20_10,s1 <-> s3,1,39,39,390,409,HIGH,1.6763237943837037,True
traffic_20_10,occupancy_t4013 <-> speed_t4013,1,1,1,2015-09-01T17:35:00Z,2015-09-02T02:40:00Z,MEDIUM,0.583499084080232,False
traffic_20_10,occupancy_t4013 <-> speed_t4013,4,5,8,2015-09-02T06:40:00Z,2015-09-02T12:15:00Z,MEDIUM,0.46621543512964764,True
traffic_20_10,occupancy_t4013 <-> speed_t4013,1,11,11,2015-09-02T13:30:00Z,2015-09-02T15:45:00Z,LOW,0.42326428656370735,False
traffic_20_10,occupancy_t4013 <-> speed_t4013,1,17,17,2015-09-03T05:31:00Z,2015-09-03T07:31:00Z,HIGH,0.8078143131515272,True
traffic_20_10,occupancy_t4013 <-> speed_t4013,1,19,19,2015-09-03T07:36:00Z,2015-09-03T10:11:00Z,MEDIUM,0.3374102938794952,False
traffic_20_10,occupancy_t4013 <-> speed_t4013,2,26,27,2015-09-03T17:21:00Z,2015-09-04T04:37:00Z,LOW,0.3819280102161124,True
traffic_20_10,occupancy_t4013 <-> speed_t4013,1,37,37,2015-09-04T18:02:00Z,2015-09-04T20:33:00Z,HIGH,0.7662478443441445,True
traffic_20_10,occupancy_t4013 <-> speed_t4013,1,40,40,2015-09-08T11:04:00Z,2015-09-08T13:41:00Z,LOW,0.34325993626253665,True
traffic_20_10,occupancy_t4013 <-> speed_t4013,1,42,42,2015-09-08T13:51:00Z,2015-09-08T16:46:00Z,LOW,0.30039496550133127,True
traffic_20_10,occupancy_t4013 <-> speed_t4013,1,48,48,2015-09-09T10:18:00Z,2015-09-09T13:18:00Z,LOW,0.4368331160748693,False
traffic_20_10,occupancy_t4013 <-> speed_t4013,1,53,53,2015-09-09T18:03:00Z,2015-09-09T21:48:00Z,HIGH,0.816276315434652,True
traffic_20_10,occupancy_t4013 <-> speed_t4013,2,55,56,2015-09-09T22:03:00Z,2015-09-10T09:52:00Z,LOW,0.3776191905094929,True
traffic_20_10,occupancy_t4013 <-> speed_t4013,1,59,59,2015-09-10T11:02:00Z,2015-09-10T14:02:00Z,LOW,0.33215113083631564,False
traffic_20_10,occupancy_t4013 <-> speed_t4013,1,65,65,2015-09-10T19:37:00Z,2015-09-11T03:32:00Z,MEDIUM,0.6234842968785012,True
traffic_20_10,occupancy_t4013 <-> speed_t4013,1,67,67,2015-09-11T03:47:00Z,2015-09-11T06:57:00Z,HIGH,0.7146847224533868,True
traffic_20_10,occupancy_t4013 <-> speed_t4013,1,69,69,2015-09-11T07:02:00Z,2015-09-11T09:17:00Z,LOW,0.30430411450035033,False
traffic_20_10,occupancy_t4013 <-> speed_t4013,1,79,79,2015-09-11T18:26:00Z,2015-09-11T21:36:00Z,LOW,0.4262605834716239,True
traffic_20_10,occupancy_t4013 <-> speed_t4013,1,88,88,2015-09-12T13:11:00Z,2015-09-12T15:21:00Z,LOW,0.44839280653790126,True
traffic_20_10,occupancy_t4013 <-> speed_t4013,2,93,94,2015-09-12T18:26:00Z,2015-09-12T23:41:00Z,MEDIUM,0.5607438102484397,True
traffic_20_10,occupancy_t4013 <-> speed_t4013,2,96,97,2015-09-12T23:51:00Z,2015-09-13T10:36:00Z,LOW,0.4882883773040657,True
traffic_20_10,occupancy_t4013 <-> speed_t4013,1,108,108,2015-09-13T20:18:00Z,2015-09-14T03:48:00Z,MEDIUM,0.5072571726075379,False
traffic_20_10,occupancy_t4013 <-> speed_t4013,1,111,111,2015-09-14T05:28:00Z,2015-09-14T08:48:00Z,HIGH,0.7088873028495273,True
traffic_20_10,occupancy_t4013 <-> speed_t4013,2,118,119,2015-09-14T14:15:00Z,2015-09-14T17:15:00Z,MEDIUM,0.505665879455408,False
traffic_20_10,occupancy_t4013 <-> speed_t4013,1,123,123,2015-09-14T19:10:00Z,2015-09-14T22:06:00Z,MEDIUM,0.6006507482686945,True
traffic_20_10,occupancy_t4013 <-> speed_t4013,1,129,129,2015-09-15T06:00:00Z,2015-09-15T07:46:00Z,LOW,0.33447662741705597,False
traffic_20_10,occupancy_t4013 <-> speed_t4013,1,132,132,2015-09-15T08:51:00Z,2015-09-15T10:41:00Z,LOW,0.4713612292500321,False
traffic_20_10,occupancy_t4013 <-> speed_t4013,1,134,134,2015-09-15T10:46:00Z,2015-09-15T12:31:00Z,LOW,0.35720278707410796,True
traffic_20_10,occupancy_t4013 <-> speed_t4013,1,149,149,2015-09-16T05:14:00Z,2015-09-16T06:54:00Z,MEDIUM,0.506068132757456,False
traffic_20_10,occupancy_t4013 <-> speed_t4013,1,151,151,2015-09-16T06:59:00Z,2015-09-16T08:34:00Z,HIGH,0.8798037145341329,True
traffic_20_10,occupancy_t4013 <-> speed_t4013,1,153,153,2015-09-16T08:39:00Z,2015-09-16T10:19:00Z,MEDIUM,0.5578709219327551,True
traffic_20_10,occupancy_t4013 <-> speed_t4013,1,163,163,2015-09-16T17:25:00Z,2015-09-16T19:10:00Z,LOW,0.45204698971812085,False
traffic_20_10,occupancy_t4013 <-> speed_t4013,3,171,173,2015-09-17T04:35:00Z,2015-09-17T07:55:00Z,LOW,0.3940287601406565,True
traffic_20_10,occupancy_t4013 <-> speed_t4013,1,181,181,2015-09-17T13:10:00Z,2015-09-17T14:44:00Z,LOW,0.4808534694387648,False
traffic_20_10,occupancy_6005 <-> speed_t4013,1,1,1,2015-09-01T17:35:00Z,2015-09-02T02:40:00Z,LOW,0.46477437335950744,True
traffic_20_10,occupancy_6005 <-> speed_t4013,6,3,8,2015-09-02T03:05:00Z,2015-09-02T12:15:00Z,HIGH,0.8899545242860103,True
traffic_20_10,occupancy_6005 <-> speed_t4013,2,14,15,2015-09-02T17:20:00Z,2015-09-03T05:11:00Z,HIGH,0.7202285979084556,True
traffic_20_10,occupancy_6005 <-> speed_t4013,5,17,21,2015-09-03T05:31:00Z,2015-09-03T13:06:00Z,MEDIUM,0.5202860696663545,True
traffic_20_10,occupancy_6005 <-> speed_t4013,1,23,23,2015-09-03T13:11:00Z,2015-09-03T15:36:00Z,LOW,0.35620950145432095,False
traffic_20_10,occupancy_6005 <-> speed_t4013,3,25,27,2015-09-03T15:41:00Z,2015-09-04T04:37:00Z,MEDIUM,0.6239382601629527,True
traffic_20_10,occupancy_6005 <-> speed_t4013,3,38,40,2015-09-04T19:12:00Z,2015-09-08T13:41:00Z,MEDIUM,0.5954905137492021,True
traffic_20_10,occupancy_6005 <-> speed_t4013,1,44,44,2015-09-08T16:56:00Z,2015-09-08T20:06:00Z,LOW,0.38555750663898036,False
traffic_20_10,occupancy_6005 <-> speed_t4013,1,49,49,2015-09-09T11:48:00Z,2015-09-09T15:03:00Z,LOW,0.3451124564278316,True
traffic_20_10,occupancy_6005 <-> speed_t4013,1,53,53,2015-09-09T18:03:00Z,2015-09-09T21:48:00Z,LOW,0.33701479528475514,True
traffic_20_10,occupancy_6005 <-> speed_t4013,1,61,61,2015-09-10T14:12:00Z,2015-09-10T16:37:00Z,LOW,0.3883060232465094,True
traffic_20_10,occupancy_6005 <-> speed_t4013,1,65,65,2015-09-10T19:37:00Z,2015-09-11T03:32:00Z,MEDIUM,0.6304578146791845,True
traffic_20_10,occupancy_6005 <-> speed_t4013,1,78,78,2015-09-11T17:29:00Z,2015-09-11T19:31:00Z,LOW,0.41944066929243545,False
traffic_20_10,occupancy_6005 <-> speed_t4013,2,84,85,2015-09-12T08:21:00Z,2015-09-12T11:51:00Z,MEDIUM,0.536970711890067,True
traffic_20_10,occupancy_6005 <-> speed_t4013,1,88,88,2015-09-12T13:11:00Z,2015-09-12T15:21:00Z,LOW,0.4216770108645621,True
traffic_20_10,occupancy_6005 <-> speed_t4013,1,91,91,2015-09-12T16:41:00Z,2015-09-12T18:21:00Z,MEDIUM,0.5475516966382993,True
traffic_20_10,occupancy_6005 <-> speed_t4013,1,100,100,2015-09-13T11:46:00Z,2015-09-13T13:33:00Z,LOW,0.3809205782763007,False
traffic_20_10,occupancy_6005 <-> speed_t4013,1,102,102,2015-09-13T13:43:00Z,2015-09-13T15:58:00Z,LOW,0.44022963827470807,True
traffic_20_10,occupancy_6005 <-> speed_t4013,2,107,108,2015-09-13T19:03:00Z,2015-09-14T03:48:00Z,LOW,0.4318870378545744,True
traffic_20_10,occupancy_6005 <-> speed_t4013,1,111,111,2015-09-14T05:28:00Z,2015-09-14T08:48:00Z,MEDIUM,0.534000402413129,True
traffic_20_10,occupancy_6005 <-> speed_t4013,1,115,115,2015-09-14T10:43:00Z,2015-09-14T13:08:00Z,LOW,0.4249512087788956,False
traffic_20_10,occupancy_6005 <-> speed_t4013,1,122,122,2015-09-14T18:10:00Z,2015-09-14T20:15:00Z,LOW,0.4191062048144686,False
traffic_20_10,occupancy_6005 <-> speed_t4013,1,125,125,2015-09-14T22:11:00Z,2015-09-15T03:45:00Z,LOW,0.33220046615792737,True
traffic_20_10,occupancy_6005 <-> speed_t4013,1,129,129,2015-09-15T06:00:00Z,2015-09-15T07:46:00Z,MEDIUM,0.5785601773091857,True
traffic_20_10,occupancy_6005 <-> speed_t4013,1,131,131,2015-09-15T07:51:00Z,2015-09-15T09:36:00Z,LOW,0.40341900468883224,True
traffic_20_10,occupancy_6005 <-> speed_t4013,1,135,135,2015-09-15T11:41:00Z,2015-09-15T13:26:00Z,LOW,0.3204247427440255,True
traffic_20_10,occupancy_6005 <-> speed_t4013,1,138,138,2015-09-15T14:24:00Z,2015-09-15T16:09:00Z,MEDIUM,0.5019236481689966,True
traffic_20_10,occupancy_6005 <-> speed_t4013,1,142,142,2015-09-15T18:04:00Z,2015-09-15T20:14:00Z,MEDIUM,0.6276532773644395,True
traffic_20_10,occupancy_6005 <-> speed_t4013,1,144,144,2015-09-15T20:19:00Z,2015-09-15T22:34:00Z,LOW,0.326993253922396,True
traffic_20_10,occupancy_6005 <-> speed_t4013,1,149,149,2015-09-16T05:14:00Z,2015-09-16T06:54:00Z,LOW,0.3538407787913027,True
traffic_20_10,occupancy_6005 <-> speed_t4013,2,151,152,2015-09-16T06:59:00Z,2015-09-16T09:24:00Z,HIGH,0.7651076683521664,True
traffic_20_10,occupancy_6005 <-> speed_t4013,1,170,170,2015-09-17T03:05:00Z,2015-09-17T05:25:00Z,LOW,0.3504285875055489,True
traffic_20_10,occupancy_6005 <-> speed_t4013,2,172,173,2015-09-17T05:30:00Z,2015-09-17T07:55:00Z,LOW,0.38136642451757885,True
traffic_20_10,occupancy_6005 <-> speed_t4013,2,179,180,2015-09-17T11:30:00Z,2015-09-17T13:55:00Z,LOW,0.34600087157967463,True
traffic_20_10,occupancy_6005 <-> speed_t4013,1,183,183,2015-09-17T14:49:00Z,2015-09-17T16:19:00Z,LOW,0.34905924297391544,False
traffic_20_10,occupancy_6005 <-> speed_6005,1,1,1,2015-09-01T17:35:00Z,2015-09-02T02:40:00Z,LOW,0.3320636412424287,True
traffic_20_10,occupancy_6005 <-> speed_6005,1,4,4,2015-09-02T05:35:00Z,2015-09-02T07:25:00Z,HIGH,0.7324349237239076,True
traffic_20_10,occupancy_6005 <-> speed_6005,2,6,7,2015-09-02T07:30:00Z,2015-09-02T10:35:00Z,MEDIUM,0.5043929651136873,True
traffic_20_10,occupancy_6005 <-> speed_6005,1,12,12,2015-09-02T14:50:00Z,2015-09-02T17:10:00Z,LOW,0.38864491562365705,True
traffic_20_10,occupancy_6005 <-> speed_6005,1,15,15,2015-09-02T19:05:00Z,2015-09-03T05:11:00Z,MEDIUM,0.6046496728296054,True
traffic_20_10,occupancy_6005 <-> speed_6005,1,17,17,2015-09-03T05:31:00Z,2015-09-03T07:31:00Z,MEDIUM,0.6731326064260941,True
traffic_20_10,occupancy_6005 <-> speed_6005,2,30,31,2015-09-04T06:27:00Z,2015-09-04T10:32:00Z,LOW,0.4882836706358784,True
traffic_20_10,occupancy_6005 <-> speed_6005,1,46,46,2015-09-08T20:26:00Z,2015-09-09T10:08:00Z,LOW,0.3862934956440745,True
traffic_20_10,occupancy_6005 <-> speed_6005,1,48,48,2015-09-09T10:18:00Z,2015-09-09T13:18:00Z,LOW,0.32677615143656713,True
traffic_20_10,occupancy_6005 <-> speed_6005,2,55,56,2015-09-09T22:03:00Z,2015-09-10T09:52:00Z,LOW,0.454457738120319,False
traffic_20_10,occupancy_6005 <-> speed_6005,1,59,59,2015-09-10T11:02:00Z,2015-09-10T14:02:00Z,LOW,0.3238189163129468,True
traffic_20_10,occupancy_6005 <-> speed_6005,3,70,72,2015-09-11T08:07:00Z,2015-09-11T13:09:00Z,MEDIUM,0.6098409063003047,False
traffic_20_10,occupancy_6005 <-> speed_6005,1,83,83,2015-09-12T06:26:00Z,2015-09-12T09:36:00Z,MEDIUM,0.5922507330234635,True
traffic_20_10,occupancy_6005 <-> speed_6005,1,85,85,2015-09-12T09:41:00Z,2015-09-12T11:51:00Z,LOW,0.4800657796871159,True
traffic_20_10,occupancy_6005 <-> speed_6005,1,87,87,2015-09-12T11:56:00Z,2015-09-12T14:21:00Z,MEDIUM,0.5219091350079146,True
traffic_20_10,occupancy_6005 <-> speed_6005,1,92,92,2015-09-12T17:36:00Z,2015-09-12T20:11:00Z,LOW,0.32596936296600276,True
traffic_20_10,occupancy_6005 <-> speed_6005,1,94,94,2015-09-12T20:21:00Z,2015-09-12T23:41:00Z,LOW,0.3772411491659221,True
traffic_20_10,occupancy_6005 <-> speed_6005,1,96,96,2015-09-12T23:51:00Z,2015-09-13T09:11:00Z,LOW,0.41799175391113225,True
traffic_20_10,occupancy_6005 <-> speed_6005,1,107,107,2015-09-13T19:03:00Z,2015-09-13T22:38:00Z,LOW,0.3340131005779579,True
traffic_20_10,occupancy_6005 <-> speed_6005,2,117,118,2015-09-14T13:13:00Z,2015-09-14T16:15:00Z,LOW,0.39796480648503885,True
traffic_20_10,occupancy_6005 <-> speed_6005,1,120,120,2015-09-14T16:20:00Z,2015-09-14T18:05:00Z,LOW,0.49477669747292374,True
traffic_20_10,occupancy_6005 <-> speed_6005,1,122,122,2015-09-14T18:10:00Z,2015-09-14T20:15:00Z,LOW,0.4655419400323718,True
traffic_20_10,occupancy_6005 <-> speed_6005,1,127,127,2015-09-15T04:01:00Z,2015-09-15T05:55:00Z,LOW,0.4281229012378117,True
traffic_20_10,occupancy_6005 <-> speed_6005,1,132,132,2015-09-15T08:51:00Z,2015-09-15T10:41:00Z,LOW,0.3592592433896471,False
traffic_20_10,occupancy_6005 <-> speed_6005,1,134,134,2015-09-15T10:46:00Z,2015-09-15T12:31:00Z,LOW,0.49130653945270625,True
traffic_20_10,occupancy_6005 <-> speed_6005,1,136,136,2015-09-15T12:36:00Z,2015-09-15T14:19:00Z,LOW,0.32167353711531055,True
traffic_20_10,occupancy_6005 <-> speed_6005,1,138,138,2015-09-15T14:24:00Z,2015-09-15T16:09:00Z,MEDIUM,0.5467447035251694,True
traffic_20_10,occupancy_6005 <-> speed_6005,4,148,151,2015-09-16T03:29:00Z,2015-09-16T08:34:00Z,HIGH,1.040541992180385,True
traffic_20_10,occupancy_6005 <-> speed_6005,1,153,153,2015-09-16T08:39:00Z,2015-09-16T10:19:00Z,LOW,0.4482729924253649,True
traffic_20_10,occupancy_6005 <-> speed_6005,1,169,169,2015-09-16T23:15:00Z,2015-09-17T04:30:00Z,LOW,0.49260936583550974,True
traffic_20_10,occupancy_6005 <-> speed_6005,3,171,173,2015-09-17T04:35:00Z,2015-09-17T07:55:00Z,HIGH,0.9007677793368427,True
traffic_20_10,occupancy_6005 <-> speed_6005,1,177,177,2015-09-17T09:45:00Z,2015-09-17T11:25:00Z,MEDIUM,0.6370461959083067,True
traffic_20_10,occupancy_6005 <-> speed_6005,1,180,180,2015-09-17T12:20:00Z,2015-09-17T13:55:00Z,LOW,0.3660754724907168,True
traffic_20_10,occupancy_t4013 <-> speed_6005,3,2,4,2015-09-01T21:05:00Z,2015-09-02T07:25:00Z,MEDIUM,0.6556715611706881,True
traffic_20_10,occupancy_t4013 <-> speed_6005,1,8,8,2015-09-02T09:35:00Z,2015-09-02T12:15:00Z,LOW,0.32862278304878834,False
traffic_20_10,occupancy_t4013 <-> speed_6005,1,12,12,2015-09-02T14:50:00Z,2015-09-02T17:10:00Z,MEDIUM,0.5227719906815614,False
traffic_20_10,occupancy_t4013 <-> speed_6005,1,15,15,2015-09-02T19:05:00Z,2015-09-03T05:11:00Z,HIGH,0.9103101616828565,True
traffic_20_10,occupancy_t4013 <-> speed_6005,1,17,17,2015-09-03T05:31:00Z,2015-09-03T07:31:00Z,HIGH,0.7362453044853746,True
traffic_20_10,occupancy_t4013 <-> speed_6005,1,56,56,2015-09-10T05:38:00Z,2015-09-10T09:52:00Z,LOW,0.40760099843292086,False
traffic_20_10,occupancy_t4013 <-> speed_6005,1,59,59,2015-09-10T11:02:00Z,2015-09-10T14:02:00Z,MEDIUM,0.6414782010012202,True
traffic_20_10,occupancy_t4013 <-> speed_6005,1,61,61,2015-09-10T14:12:00Z,2015-09-10T16:37:00Z,HIGH,0.7299953183351608,True
traffic_20_10,occupancy_t4013 <-> speed_6005,1,68,68,2015-09-11T06:07:00Z,2015-09-11T08:02:00Z,MEDIUM,0.592713353680461,True
traffic_20_10,occupancy_t4013 <-> speed_6005,1,77,77,2015-09-11T16:29:00Z,2015-09-11T18:21:00Z,LOW,0.3684241786537047,True
traffic_20_10,occupancy_t4013 <-> speed_6005,1,79,79,2015-09-11T18:26:00Z,2015-09-11T21:36:00Z,LOW,0.4319480248692602,True
traffic_20_10,occupancy_t4013 <-> speed_6005,1,89,89,2015-09-12T14:26:00Z,2015-09-12T16:36:00Z,LOW,0.38500994761572105,True
traffic_20_10,occupancy_t4013 <-> speed_6005,2,96,97,2015-09-12T23:51:00Z,2015-09-13T10:36:00Z,LOW,0.4741335729674841,True
traffic_20_10,occupancy_t4013 <-> speed_6005,1,102,102,2015-09-13T13:43:00Z,2015-09-13T15:58:00Z,LOW,0.38508418349566936,True
traffic_20_10,occupancy_t4013 <-> speed_6005,1,104,104,2015-09-13T16:03:00Z,2015-09-13T17:58:00Z,LOW,0.47578308900617416,True
traffic_20_10,occupancy_t4013 <-> speed_6005,1,106,106,2015-09-13T18:08:00Z,2015-09-13T20:13:00Z,LOW,0.38338955198474917,True
traffic_20_10,occupancy_t4013 <-> speed_6005,1,110,110,2015-09-14T04:23:00Z,2015-09-14T06:13:00Z,LOW,0.4434308281735877,True
traffic_20_10,occupancy_t4013 <-> speed_6005,1,114,114,2015-09-14T09:53:00Z,2015-09-14T11:58:00Z,MEDIUM,0.679048319938363,True
traffic_20_10,occupancy_t4013 <-> speed_6005,1,116,116,2015-09-14T12:03:00Z,2015-09-14T14:10:00Z,MEDIUM,0.5152690657016635,False
traffic_20_10,occupancy_t4013 <-> speed_6005,1,121,121,2015-09-14T17:20:00Z,2015-09-14T19:05:00Z,LOW,0.3039484216444271,False
traffic_20_10,occupancy_t4013 <-> speed_6005,1,123,123,2015-09-14T19:10:00Z,2015-09-14T22:06:00Z,MEDIUM,0.6848340565400419,True
traffic_20_10,occupancy_t4013 <-> speed_6005,1,125,125,2015-09-14T22:11:00Z,2015-09-15T03:45:00Z,LOW,0.33761607200194466,False
traffic_20_10,occupancy_t4013 <-> speed_6005,1,132,132,2015-09-15T08:51:00Z,2015-09-15T10:41:00Z,LOW,0.30504093027304735,False
traffic_20_10,occupancy_t4013 <-> speed_6005,1,136,136,2015-09-15T12:36:00Z,2015-09-15T14:19:00Z,LOW,0.3627544897670569,False
traffic_20_10,occupancy_t4013 <-> speed_6005,1,139,139,2015-09-15T15:24:00Z,2015-09-15T16:59:00Z,MEDIUM,0.5056936924901337,True
traffic_20_10,occupancy_t4013 <-> speed_6005,1,141,141,2015-09-15T17:04:00Z,2015-09-15T18:59:00Z,LOW,0.3429258940488502,True
traffic_20_10,occupancy_t4013 <-> speed_6005,1,146,146,2015-09-15T22:44:00Z,2015-09-16T03:19:00Z,LOW,0.33285571018887705,True
traffic_20_10,occupancy_t4013 <-> speed_6005,2,148,149,2015-09-16T03:29:00Z,2015-09-16T06:54:00Z,HIGH,0.707056765081354,True
traffic_20_10,occupancy_t4013 <-> speed_6005,2,156,157,2015-09-16T11:14:00Z,2015-09-16T13:44:00Z,LOW,0.48578082436818026,True
traffic_20_10,occupancy_t4013 <-> speed_6005,2,169,170,2015-09-16T23:15:00Z,2015-09-17T05:25:00Z,LOW,0.36182214918299016,False
traffic_20_10,occupancy_t4013 <-> speed_6005,3,172,174,2015-09-17T05:30:00Z,2015-09-17T08:45:00Z,MEDIUM,0.6270445584769255,True
traffic_20_10,occupancy_t4013 <-> speed_6005,1,176,176,2015-09-17T08:55:00Z,2015-09-17T10:30:00Z,MEDIUM,0.6093973352499781,True
traffic_20_10,occupancy_t4013 <-> speed_6005,1,178,178,2015-09-17T10:35:00Z,2015-09-17T12:15:00Z,LOW,0.3282433358812749,True
traffic_20_10,occupancy_6005 <-> occupancy_t4013,2,3,4,2015-09-02T03:05:00Z,2015-09-02T07:25:00Z,MEDIUM,0.6191655900399211,False
traffic_20_10,occupancy_6005 <-> occupancy_t4013,2,7,8,2015-09-02T08:20:00Z,2015-09-02T12:15:00Z,MEDIUM,0.5348820549348615,False
traffic_20_10,occupancy_6005 <-> occupancy_t4013,1,18,18,2015-09-03T06:26:00Z,2015-09-03T08:46:00Z,LOW,0.3528097531448374,True
traffic_20_10,occupancy_6005 <-> occupancy_t4013,1,20,20,2015-09-03T09:01:00Z,2015-09-03T11:46:00Z,LOW,0.3941607841719239,True
traffic_20_10,occupancy_6005 <-> occupancy_t4013,1,22,22,2015-09-03T12:01:00Z,2015-09-03T14:21:00Z,LOW,0.37133323538757135,False
traffic_20_10,occupancy_6005 <-> occupancy_t4013,1,28,28,2015-09-03T21:32:00Z,2015-09-04T06:22:00Z,LOW,0.3534057582548422,False
traffic_20_10,occupancy_6005 <-> occupancy_t4013,1,30,30,2015-09-04T06:27:00Z,2015-09-04T08:37:00Z,LOW,0.47028284769424494,True
traffic_20_10,occupancy_6005 <-> occupancy_t4013,1,32,32,2015-09-04T08:57:00Z,2015-09-04T11:52:00Z,LOW,0.31261234547321004,True
traffic_20_10,occupancy_6005 <-> occupancy_t4013,1,34,34,2015-09-04T11:57:00Z,2015-09-04T16:12:00Z,LOW,0.40808637336127807,True
traffic_20_10,occupancy_6005 <-> occupancy_t4013,1,37,37,2015-09-04T18:02:00Z,2015-09-04T20:33:00Z,LOW,0.39864976366374333,True
traffic_20_10,occupancy_6005 <-> occupancy_t4013,1,43,43,2015-09-08T14:56:00Z,2015-09-08T18:26:00Z,LOW,0.37158286693354114,False
traffic_20_10,occupancy_6005 <-> occupancy_t4013,1,46,46,2015-09-08T20:26:00Z,2015-09-09T10:08:00Z,LOW,0.36791570567566456,False
traffic_20_10,occupancy_6005 <-> occupancy_t4013,2,48,49,2015-09-09T10:18:00Z,2015-09-09T15:03:00Z,LOW,0.4741118335913991,True
traffic_20_10,occupancy_6005 <-> occupancy_t4013,1,52,52,2015-09-09T16:38:00Z,2015-09-09T19:48:00Z,MEDIUM,0.6447368850057988,True
traffic_20_10,occupancy_6005 <-> occupancy_t4013,1,55,55,2015-09-09T22:03:00Z,2015-09-10T08:53:00Z,LOW,0.3469719397635002,False
traffic_20_10,occupancy_6005 <-> occupancy_t4013,1,61,61,2015-09-10T14:12:00Z,2015-09-10T16:37:00Z,LOW,0.35700617617649466,True
traffic_20_10,occupancy_6005 <-> occupancy_t4013,1,63,63,2015-09-10T16:42:00Z,2015-09-10T19:27:00Z,LOW,0.3129176623349676,False
traffic_20_10,occupancy_6005 <-> occupancy_t4013,2,65,66,2015-09-10T19:37:00Z,2015-09-11T06:02:00Z,LOW,0.36518367221290776,False
traffic_20_10,occupancy_6005 <-> occupancy_t4013,1,68,68,2015-09-11T06:07:00Z,2015-09-11T08:02:00Z,LOW,0.30886887700223337,False
traffic_20_10,occupancy_6005 <-> occupancy_t4013,1,71,71,2015-09-11T09:22:00Z,2015-09-11T11:59:00Z,LOW,0.4389288791468553,True
traffic_20_10,occupancy_6005 <-> occupancy_t4013,1,79,79,2015-09-11T18:26:00Z,2015-09-11T21:36:00Z,LOW,0.45190408865638454,True
traffic_20_10,occupancy_6005 <-> occupancy_t4013,1,85,85,2015-09-12T09:41:00Z,2015-09-12T11:51:00Z,LOW,0.35465052452726764,False
traffic_20_10,occupancy_6005 <-> occupancy_t4013,1,87,87,2015-09-12T11:56:00Z,2015-09-12T14:21:00Z,LOW,0.4189731394340228,True
traffic_20_10,occupancy_6005 <-> occupancy_t4013,1,100,100,2015-09-13T11:46:00Z,2015-09-13T13:33:00Z,LOW,0.3523742606389226,True
traffic_20_10,occupancy_6005 <-> occupancy_t4013,1,102,102,2015-09-13T13:43:00Z,2015-09-13T15:58:00Z,LOW,0.36759386642846126,True
traffic_20_10,occupancy_6005 <-> occupancy_t4013,1,107,107,2015-09-13T19:03:00Z,2015-09-13T22:38:00Z,LOW,0.4041402298304426,True
traffic_20_10,occupancy_6005 <-> occupancy_t4013,1,119,119,2015-09-14T15:20:00Z,2015-09-14T17:15:00Z,LOW,0.4920113595583931,True
traffic_20_10,occupancy_6005 <-> occupancy_t4013,1,121,121,2015-09-14T17:20:00Z,2015-09-14T19:05:00Z,LOW,0.43776056579753986,True
traffic_20_10,occupancy_6005 <-> occupancy_t4013,2,123,124,2015-09-14T19:10:00Z,2015-09-14T23:51:00Z,MEDIUM,0.5535322348942036,False
traffic_20_10,occupancy_6005 <-> occupancy_t4013,1,126,126,2015-09-15T00:16:00Z,2015-09-15T05:01:00Z,LOW,0.4983040478756664,False
traffic_20_10,occupancy_6005 <-> occupancy_t4013,1,131,131,2015-09-15T07:51:00Z,2015-09-15T09:36:00Z,LOW,0.3118892662557011,False
traffic_20_10,occupancy_6005 <-> occupancy_t4013,1,139,139,2015-09-15T15:24:00Z,2015-09-15T16:59:00Z,LOW,0.4343987128850046,False
traffic_20_10,occupancy_6005 <-> occupancy_t4013,1,143,143,2015-09-15T19:04:00Z,2015-09-15T21:09:00Z,LOW,0.46155859403501,True
traffic_20_10,occupancy_6005 <-> occupancy_t4013,2,151,152,2015-09-16T06:59:00Z,2015-09-16T09:24:00Z,HIGH,0.782594732901956,True
traffic_20_10,occupancy_6005 <-> occupancy_t4013,1,154,154,2015-09-16T09:29:00Z,2015-09-16T11:09:00Z,MEDIUM,0.5353104477785873,True
traffic_20_10,occupancy_6005 <-> occupancy_t4013,1,158,158,2015-09-16T12:59:00Z,2015-09-16T14:35:00Z,LOW,0.3413716586888648,True
traffic_20_10,occupancy_6005 <-> occupancy_t4013,1,160,160,2015-09-16T14:40:00Z,2015-09-16T16:25:00Z,LOW,0.4956995786793956,True
traffic_20_10,occupancy_6005 <-> occupancy_t4013,1,162,162,2015-09-16T16:30:00Z,2015-09-16T18:15:00Z,LOW,0.36128944237087735,False
traffic_20_10,occupancy_6005 <-> occupancy_t4013,1,165,165,2015-09-16T19:15:00Z,2015-09-16T20:50:00Z,LOW,0.45129795706278747,True
traffic_20_10,occupancy_6005 <-> occupancy_t4013,1,167,167,2015-09-16T20:55:00Z,2015-09-16T23:10:00Z,MEDIUM,0.60519521788195,True
traffic_20_10,occupancy_6005 <-> occupancy_t4013,5,170,174,2015-09-17T03:05:00Z,2015-09-17T08:45:00Z,MEDIUM,0.656998629687134,True
traffic_20_10,speed_6005 <-> speed_t4013,2,4,5,2015-09-02T05:35:00Z,2015-09-02T08:15:00Z,MEDIUM,0.644739597256412,True
traffic_20_10,speed_6005 <-> speed_t4013,1,7,7,2015-09-02T08:20:00Z,2015-09-02T10:35:00Z,MEDIUM,0.5060142678080165,True
traffic_20_10,speed_6005 <-> speed_t4013,3,10,12,2015-09-02T12:25:00Z,2015-09-02T17:10:00Z,HIGH,0.8151049244780731,True
traffic_20_10,speed_6005 <-> speed_t4013,2,17,18,2015-09-03T05:31:00Z,2015-09-03T08:46:00Z,LOW,0.4180706284246086,True
traffic_20_10,speed_6005 <-> speed_t4013,4,20,23,2015-09-03T09:01:00Z,2015-09-03T15:36:00Z,LOW,0.48072061348745665,True
traffic_20_10,speed_6005 <-> speed_t4013,1,27,27,2015-09-03T18:21:00Z,2015-09-04T04:37:00Z,LOW,0.4818858992938617,True
traffic_20_10,speed_6005 <-> speed_t4013,1,35,35,2015-09-04T14:17:00Z,2015-09-04T17:42:00Z,LOW,0.3980199393534109,False
traffic_20_10,speed_6005 <-> speed_t4013,1,37,37,2015-09-04T18:02:00Z,2015-09-04T20:33:00Z,HIGH,0.7248949921601746,True
traffic_20_10,speed_6005 <-> speed_t4013,1,39,39,2015-09-04T21:03:00Z,2015-09-08T12:27:00Z,LOW,0.3109203960645225,True
traffic_20_10,speed_6005 <-> speed_t4013,1,42,42,2015-09-08T13:51:00Z,2015-09-08T16:46:00Z,LOW,0.42915974181004957,True
traffic_20_10,speed_6005 <-> speed_t4013,1,51,51,2015-09-09T15:13:00Z,2015-09-09T17:58:00Z,LOW,0.36262678923602915,True
traffic_20_10,speed_6005 <-> speed_t4013,2,55,56,2015-09-09T22:03:00Z,2015-09-10T09:52:00Z,MEDIUM,0.582827780366682,True
traffic_20_10,speed_6005 <-> speed_t4013,1,59,59,2015-09-10T11:02:00Z,2015-09-10T14:02:00Z,LOW,0.4369469829697604,False
traffic_20_10,speed_6005 <-> speed_t4013,1,64,64,2015-09-10T18:07:00Z,2015-09-10T21:12:00Z,LOW,0.40256227528744354,True
traffic_20_10,speed_6005 <-> speed_t4013,1,69,69,2015-09-11T07:02:00Z,2015-09-11T09:17:00Z,LOW,0.3411059397550047,True
traffic_20_10,speed_6005 <-> speed_t4013,1,72,72,2015-09-11T11:09:00Z,2015-09-11T13:09:00Z,MEDIUM,0.5993338487344626,True
traffic_20_10,speed_6005 <-> speed_t4013,2,78,79,2015-09-11T17:29:00Z,2015-09-11T21:36:00Z,LOW,0.3927541437255395,True
traffic_20_10,speed_6005 <-> speed_t4013,1,89,89,2015-09-12T14:26:00Z,2015-09-12T16:36:00Z,LOW,0.30891562625529984,False
traffic_20_10,speed_6005 <-> speed_t4013,2,93,94,2015-09-12T18:26:00Z,2015-09-12T23:41:00Z,LOW,0.35911614203663256,True
traffic_20_10,speed_6005 <-> speed_t4013,1,98,98,2015-09-13T09:16:00Z,2015-09-13T11:41:00Z,LOW,0.42831685106523565,True
traffic_20_10,speed_6005 <-> speed_t4013,1,102,102,2015-09-13T13:43:00Z,2015-09-13T15:58:00Z,MEDIUM,0.5748365197129316,True
traffic_20_10,speed_6005 <-> speed_t4013,1,104,104,2015-09-13T16:03:00Z,2015-09-13T17:58:00Z,LOW,0.4885934531405113,True
traffic_20_10,speed_6005 <-> speed_t4013,1,106,106,2015-09-13T18:08:00Z,2015-09-13T20:13:00Z,LOW,0.46188113243306755,True
traffic_20_10,speed_6005 <-> speed_t4013,1,112,112,2015-09-14T06:18:00Z,2015-09-14T09:48:00Z,LOW,0.46330682300613324,True
traffic_20_10,speed_6005 <-> speed_t4013,2,114,115,2015-09-14T09:53:00Z,2015-09-14T13:08:00Z,LOW,0.34612413835607336,True
traffic_20_10,speed_6005 <-> speed_t4013,2,118,119,2015-09-14T14:15:00Z,2015-09-14T17:15:00Z,MEDIUM,0.5637392484344382,True
traffic_20_10,speed_6005 <-> speed_t4013,1,121,121,2015-09-14T17:20:00Z,2015-09-14T19:05:00Z,LOW,0.43199826072373054,True
traffic_20_10,speed_6005 <-> speed_t4013,1,125,125,2015-09-14T22:11:00Z,2015-09-15T03:45:00Z,LOW,0.3306579595699874,False
traffic_20_10,speed_6005 <-> speed_t4013,1,127,127,2015-09-15T04:01:00Z,2015-09-15T05:55:00Z,MEDIUM,0.5253801668980135,True
traffic_20_10,speed_6005 <-> speed_t4013,1,130,130,2015-09-15T06:55:00Z,2015-09-15T08:46:00Z,LOW,0.3049872152648853,True
traffic_20_10,speed_6005 <-> speed_t4013,1,143,143,2015-09-15T19:04:00Z,2015-09-15T21:09:00Z,LOW,0.4536514947388589,True
traffic_20_10,speed_6005 <-> speed_t4013,1,151,151,2015-09-16T06:59:00Z,2015-09-16T08:34:00Z,LOW,0.30825548296507377,True
traffic_20_10,speed_6005 <-> speed_t4013,1,161,161,2015-09-16T15:40:00Z,2015-09-16T17:20:00Z,LOW,0.39451801067834813,False
traffic_20_10,speed_6005 <-> speed_t4013,1,163,163,2015-09-16T17:25:00Z,2015-09-16T19:10:00Z,MEDIUM,0.5209054360628456,True
traffic_20_10,speed_6005 <-> speed_t4013,1,165,165,2015-09-16T19:15:00Z,2015-09-16T20:50:00Z,LOW,0.31410673072606243,False
traffic_20_10,speed_6005 <-> speed_t4013,1,175,175,2015-09-17T08:00:00Z,2015-09-17T09:40:00Z,LOW,0.36962978511514333,True
traffic_20_10,speed_6005 <-> speed_t4013,1,179,179,2015-09-17T11:30:00Z,2015-09-17T13:05:00Z,LOW,0.479390043907345,True
traffic_60_30,occupancy_6005 <-> speed_t4013,1,2,2,2015-09-02T07:30:00Z,2015-09-02T14:35:00Z,LOW,0.3580675434664411,False
traffic_60_30,occupancy_6005 <-> speed_t4013,1,4,4,2015-09-02T14:50:00Z,2015-09-03T06:21:00Z,MEDIUM,0.5870192230559332,True
traffic_60_30,occupancy_t4013 <-> speed_6005,1,4,4,2015-09-02T14:50:00Z,2015-09-03T06:21:00Z,LOW,0.307114330572116,True
traffic_60_30,occupancy_t4013 <-> speed_6005,1,17,17,2015-09-09T15:13:00Z,2015-09-10T08:53:00Z,LOW,0.3597613227749473,False
traffic_60_30,occupancy_t4013 <-> speed_6005,1,19,19,2015-09-10T08:58:00Z,2015-09-10T16:37:00Z,LOW,0.3870569964763628,True
traffic_60_30,occupancy_t4013 <-> speed_6005,1,28,28,2015-09-12T08:21:00Z,2015-09-12T15:21:00Z,LOW,0.4901175014274707,True
traffic_60_30,occupancy_t4013 <-> speed_6005,1,40,40,2015-09-14T16:20:00Z,2015-09-14T23:51:00Z,LOW,0.36863474014972086,True
traffic_60_30,occupancy_t4013 <-> speed_6005,1,43,43,2015-09-15T06:00:00Z,2015-09-15T11:36:00Z,LOW,0.37047677154862113,True
traffic_60_30,occupancy_6005 <-> speed_6005,1,4,4,2015-09-02T14:50:00Z,2015-09-03T06:21:00Z,LOW,0.33771192707986397,True
traffic_60_30,occupancy_6005 <-> speed_6005,1,17,17,2015-09-09T15:13:00Z,2015-09-10T08:53:00Z,LOW,0.40960801641650835,True
traffic_60_30,occupancy_6005 <-> speed_6005,1,26,26,2015-09-11T17:29:00Z,2015-09-12T08:16:00Z,LOW,0.39494303589281166,True
traffic_60_30,occupancy_6005 <-> speed_6005,2,28,29,2015-09-12T08:21:00Z,2015-09-12T18:21:00Z,LOW,0.3687275921065986,True
traffic_60_30,occupancy_6005 <-> speed_6005,1,45,45,2015-09-15T11:41:00Z,2015-09-15T16:59:00Z,LOW,0.34807703733005224,True
traffic_60_30,occupancy_6005 <-> speed_6005,1,49,49,2015-09-16T00:34:00Z,2015-09-16T08:34:00Z,LOW,0.3015640165118242,True
traffic_60_30,occupancy_t4013 <-> speed_t4013,1,6,6,2015-09-03T06:26:00Z,2015-09-03T14:21:00Z,LOW,0.3098565365841467,False
traffic_60_30,occupancy_t4013 <-> speed_t4013,1,15,15,2015-09-08T18:31:00Z,2015-09-09T15:03:00Z,LOW,0.32758565176775967,True
traffic_60_30,occupancy_t4013 <-> speed_t4013,1,17,17,2015-09-09T15:13:00Z,2015-09-10T08:53:00Z,HIGH,0.7038500838803012,True
traffic_60_30,occupancy_t4013 <-> speed_t4013,1,19,19,2015-09-10T08:58:00Z,2015-09-10T16:37:00Z,LOW,0.49968828858561887,True
traffic_60_30,occupancy_t4013 <-> speed_t4013,1,35,35,2015-09-13T17:08:00Z,2015-09-14T05:23:00Z,LOW,0.34978231524485437,False
traffic_60_30,occupancy_t4013 <-> speed_t4013,1,37,37,2015-09-14T05:28:00Z,2015-09-14T13:08:00Z,LOW,0.3209712857589514,False
traffic_60_30,occupancy_t4013 <-> speed_t4013,1,51,51,2015-09-16T08:39:00Z,2015-09-16T13:44:00Z,LOW,0.4433614552266401,True
traffic_60_30,occupancy_t4013 <-> speed_t4013,1,54,54,2015-09-16T16:30:00Z,2015-09-16T21:55:00Z,LOW,0.3880123520708466,True
traffic_60_30,occupancy_6005 <-> occupancy_t4013,1,6,6,2015-09-03T06:26:00Z,2015-09-03T14:21:00Z,LOW,0.32732507601271843,False
traffic_60_30,occupancy_6005 <-> occupancy_t4013,1,8,8,2015-09-03T14:26:00Z,2015-09-04T06:22:00Z,LOW,0.4115512329766757,False
traffic_60_30,occupancy_6005 <-> occupancy_t4013,1,10,10,2015-09-04T06:27:00Z,2015-09-04T16:12:00Z,LOW,0.40530208066967527,False
traffic_60_30,occupancy_6005 <-> occupancy_t4013,1,14,14,2015-09-08T13:51:00Z,2015-09-09T10:08:00Z,LOW,0.3205908699172253,True
traffic_60_30,occupancy_6005 <-> occupancy_t4013,1,17,17,2015-09-09T15:13:00Z,2015-09-10T08:53:00Z,LOW,0.4729588386040121,False
traffic_60_30,occupancy_6005 <-> occupancy_t4013,1,19,19,2015-09-10T08:58:00Z,2015-09-10T16:37:00Z,LOW,0.31435987771395413,False
traffic_60_30,occupancy_6005 <-> occupancy_t4013,1,23,23,2015-09-11T07:02:00Z,2015-09-11T14:09:00Z,LOW,0.4692270419289287,False
traffic_60_30,occupancy_6005 <-> occupancy_t4013,1,25,25,2015-09-11T14:14:00Z,2015-09-11T21:36:00Z,LOW,0.448262669129155,True
traffic_60_30,occupancy_6005 <-> occupancy_t4013,1,33,33,2015-09-13T10:41:00Z,2015-09-13T17:03:00Z,LOW,0.43587223749162973,True
traffic_60_30,occupancy_6005 <-> occupancy_t4013,1,35,35,2015-09-13T17:08:00Z,2015-09-14T05:23:00Z,LOW,0.47218227056956596,True
traffic_60_30,occupancy_6005 <-> occupancy_t4013,1,37,37,2015-09-14T05:28:00Z,2015-09-14T13:08:00Z,LOW,0.473273496376612,False
traffic_60_30,occupancy_6005 <-> occupancy_t4013,1,40,40,2015-09-14T16:20:00Z,2015-09-14T23:51:00Z,LOW,0.4065128996573708,False
traffic_60_30,occupancy_6005 <-> occupancy_t4013,2,42,43,2015-09-15T00:16:00Z,2015-09-15T11:36:00Z,MEDIUM,0.5579693820273042,False
traffic_60_30,occupancy_6005 <-> occupancy_t4013,1,47,47,2015-09-15T17:04:00Z,2015-09-16T00:19:00Z,LOW,0.39961201857307155,True
traffic_60_30,occupancy_6005 <-> occupancy_t4013,1,50,50,2015-09-16T06:09:00Z,2015-09-16T11:09:00Z,LOW,0.40504023312210746,False
traffic_60_30,occupancy_6005 <-> occupancy_t4013,1,57,57,2015-09-17T04:35:00Z,2015-09-17T09:40:00Z,MEDIUM,0.6018534925962657,False
traffic_60_30,occupancy_6005 <-> occupancy_t4013,1,59,59,2015-09-17T09:45:00Z,2015-09-17T14:44:00Z,LOW,0.46766599582018276,True
traffic_60_30,speed_6005 <-> speed_t4013,1,34,34,2015-09-13T13:43:00Z,2015-09-13T20:13:00Z,LOW,0.31464231913668383,True
traffic_60_30,speed_6005 <-> speed_t4013,1,59,59,2015-09-17T09:45:00Z,2015-09-17T14:44:00Z,LOW,0.3475698177529659,True
