run,lower_severity_pair,lower_severity,lower_severity_delta,higher_severity_pair,higher_severity,higher_severity_delta
aws_20_10,ec2_net <-> elb_req,LOW,0.46583773829541847,ec2_cpu <-> ec2_net,MEDIUM,0.4348196730606662
aws_20_10,ec2_net <-> elb_req,LOW,0.43729289002952143,ec2_cpu <-> ec2_net,MEDIUM,0.4348196730606662
aws_20_10,ec2_net <-> elb_req,LOW,0.4628574009419595,ec2_cpu <-> ec2_net,MEDIUM,0.4348196730606662
aws_20_10,ec2_cpu <-> ec2_net,LOW,0.4579449540297986,ec2_cpu <-> ec2_net,MEDIUM,0.4348196730606662
aws_20_10,ec2_cpu <-> ec2_net,LOW,0.4802819954504937,ec2_cpu <-> ec2_net,MEDIUM,0.4348196730606662
aws_20_10,ec2_cpu <-> ec2_net,LOW,0.45100126277428054,ec2_cpu <-> ec2_net,MEDIUM,0.4348196730606662
aws_20_10,ec2_cpu <-> ec2_net,LOW,0.4660295691666626,ec2_cpu <-> ec2_net,MEDIUM,0.4348196730606662
aws_20_10,ec2_net <-> elb_req,LOW,0.4555325828258958,ec2_cpu <-> ec2_net,MEDIUM,0.4348196730606662
aws_20_10,ec2_cpu <-> elb_req,LOW,0.4843486358888359,ec2_cpu <-> ec2_net,MEDIUM,0.4348196730606662
aws_20_10,ec2_cpu <-> elb_req,LOW,0.4501645076349276,ec2_cpu <-> ec2_net,MEDIUM,0.4348196730606662
aws_20_10,ec2_net <-> elb_req,LOW,0.4382548862652371,ec2_cpu <-> ec2_net,MEDIUM,0.4348196730606662
aws_20_10,ec2_net <-> elb_req,LOW,0.49149690719749706,ec2_cpu <-> ec2_net,MEDIUM,0.4348196730606662
aws_20_10,ec2_cpu <-> ec2_net,LOW,0.48837639021600426,ec2_cpu <-> ec2_net,MEDIUM,0.4348196730606662
aws_20_10,ec2_cpu <-> ec2_net,LOW,0.4672241323953712,ec2_cpu <-> ec2_net,MEDIUM,0.4348196730606662
aws_20_10,ec2_cpu <-> elb_req,LOW,0.47639015756818526,ec2_cpu <-> ec2_net,MEDIUM,0.4348196730606662
aws_20_10,ec2_net <-> elb_req,LOW,0.4854358297489396,ec2_cpu <-> ec2_net,MEDIUM,0.4348196730606662
aws_20_10,ec2_cpu <-> elb_req,LOW,0.4750505726697161,ec2_cpu <-> ec2_net,MEDIUM,0.4348196730606662
aws_20_10,ec2_cpu <-> elb_req,LOW,0.4726156192193784,ec2_cpu <-> ec2_net,MEDIUM,0.4348196730606662
aws_20_10,ec2_net <-> elb_req,LOW,0.4761507827137317,ec2_cpu <-> ec2_net,MEDIUM,0.4348196730606662
aws_20_10,ec2_cpu <-> elb_req,LOW,0.446727790978055,ec2_cpu <-> ec2_net,MEDIUM,0.4348196730606662
aws_20_10,ec2_net <-> elb_req,LOW,0.43796986371553454,ec2_cpu <-> ec2_net,MEDIUM,0.4348196730606662
aws_20_10,ec2_cpu <-> elb_req,LOW,0.48599303181714304,ec2_cpu <-> ec2_net,MEDIUM,0.4348196730606662
aws_20_10,ec2_cpu <-> ec2_net,LOW,0.4879226351420598,ec2_cpu <-> ec2_net,MEDIUM,0.4348196730606662
aws_20_10,ec2_net <-> elb_req,LOW,0.44100532866616365,ec2_cpu <-> ec2_net,MEDIUM,0.4348196730606662
aws_20_10,ec2_cpu <-> ec2_net,LOW,0.4409175771399422,ec2_cpu <-> ec2_net,MEDIUM,0.4348196730606662
aws_20_10,ec2_net <-> elb_req,LOW,0.44270986732374606,ec2_cpu <-> ec2_net,MEDIUM,0.4348196730606662
aws_20_10,ec2_cpu <-> elb_req,LOW,0.4987183817563609,ec2_cpu <-> ec2_net,MEDIUM,0.4348196730606662
aws_20_10,ec2_cpu <-> ec2_net,LOW,0.44269126333068476,ec2_cpu <-> ec2_net,MEDIUM,0.4348196730606662
aws_20_10,ec2_net <-> elb_req,LOW,0.4870136880118466,ec2_cpu <-> ec2_net,MEDIUM,0.4348196730606662
aws_20_10,ec2_cpu <-> elb_req,LOW,0.4826336184135808,ec2_cpu <-> ec2_net,MEDIUM,0.4348196730606662
aws_20_10,ec2_net <-> elb_req,LOW,0.4580888723821921,ec2_cpu <-> ec2_net,MEDIUM,0.4348196730606662
aws_20_10,ec2_cpu <-> ec2_net,LOW,0.49688595868473057,ec2_cpu <-> ec2_net,MEDIUM,0.4348196730606662
aws_20_10,ec2_cpu <-> elb_req,LOW,0.4355445356745794,ec2_cpu <-> ec2_net,MEDIUM,0.4348196730606662
aws_20_10,ec2_net <-> elb_req,LOW,0.4541600176333994,ec2_cpu <-> ec2_net,MEDIUM,0.4348196730606662
aws_20_10,ec2_cpu <-> ec2_net,LOW,0.4654781059999377,ec2_cpu <-> ec2_net,MEDIUM,0.4348196730606662
aws_20_10,ec2_cpu <-> ec2_net,LOW,0.47743509239152015,ec2_cpu <-> ec2_net,MEDIUM,0.4348196730606662
aws_20_10,ec2_cpu <-> ec2_net,LOW,0.478588605869515,ec2_cpu <-> ec2_net,MEDIUM,0.4348196730606662
aws_20_10,ec2_net <-> elb_req,LOW,0.455188609122417,ec2_cpu <-> ec2_net,MEDIUM,0.4348196730606662
traffic_20_10,occupancy_6005 <-> speed_t4013,LOW,0.46477437335950744,occupancy_6005 <-> speed_t4013,MEDIUM,0.4629828745599599
traffic_20_10,occupancy_6005 <-> speed_t4013,LOW,0.46477437335950744,occupancy_t4013 <-> speed_t4013,MEDIUM,0.38489964618709405
traffic_20_10,occupancy_6005 <-> speed_t4013,LOW,0.46477437335950744,occupancy_t4013 <-> speed_t4013,MEDIUM,0.3374102938794952
traffic_20_10,occupancy_6005 <-> speed_t4013,LOW,0.46477437335950744,occupancy_6005 <-> speed_6005,MEDIUM,0.32270945119956645
traffic_20_10,occupancy_6005 <-> speed_t4013,LOW,0.46477437335950744,occupancy_6005 <-> speed_6005,MEDIUM,0.39298443393398524
traffic_20_10,occupancy_6005 <-> speed_t4013,LOW,0.46477437335950744,occupancy_6005 <-> occupancy_t4013,MEDIUM,0.3484809621942081
traffic_20_10,occupancy_6005 <-> speed_6005,LOW,0.3320636412424287,occupancy_6005 <-> speed_6005,MEDIUM,0.32270945119956645
traffic_20_10,occupancy_6005 <-> occupancy_t4013,LOW,0.35507172677969046,occupancy_t4013 <-> speed_t4013,MEDIUM,0.3374102938794952
traffic_20_10,occupancy_6005 <-> occupancy_t4013,LOW,0.35507172677969046,occupancy_6005 <-> speed_6005,MEDIUM,0.32270945119956645
traffic_20_10,occupancy_6005 <-> occupancy_t4013,LOW,0.35507172677969046,occupancy_6005 <-> occupancy_t4013,MEDIUM,0.3484809621942081
traffic_20_10,occupancy_6005 <-> speed_t4013,LOW,0.3813996934086264,occupancy_t4013 <-> speed_t4013,MEDIUM,0.3374102938794952
traffic_20_10,occupancy_6005 <-> speed_t4013,LOW,0.3813996934086264,occupancy_6005 <-> speed_6005,MEDIUM,0.32270945119956645
traffic_20_10,occupancy_6005 <-> speed_t4013,LOW,0.3813996934086264,occupancy_6005 <-> occupancy_t4013,MEDIUM,0.3484809621942081
traffic_20_10,occupancy_t4013 <-> speed_t4013,LOW,0.3999014393804931,occupancy_t4013 <-> speed_t4013,MEDIUM,0.38489964618709405
traffic_20_10,occupancy_t4013 <-> speed_t4013,LOW,0.3999014393804931,occupancy_t4013 <-> speed_t4013,MEDIUM,0.3374102938794952
traffic_20_10,occupancy_t4013 <-> speed_t4013,LOW,0.3999014393804931,occupancy_6005 <-> speed_6005,MEDIUM,0.32270945119956645
traffic_20_10,occupancy_t4013 <-> speed_t4013,LOW,0.3999014393804931,occupancy_6005 <-> speed_6005,MEDIUM,0.39298443393398524
traffic_20_10,occupancy_t4013 <-> speed_t4013,LOW,0.3999014393804931,occupancy_6005 <-> occupancy_t4013,MEDIUM,0.3484809621942081
traffic_20_10,occupancy_t4013 <-> speed_t4013,LOW,0.3610471256675005,occupancy_t4013 <-> speed_t4013,MEDIUM,0.3374102938794952
traffic_20_10,occupancy_t4013 <-> speed_t4013,LOW,0.3610471256675005,occupancy_6005 <-> speed_6005,MEDIUM,0.32270945119956645
traffic_20_10,occupancy_t4013 <-> speed_t4013,LOW,0.3610471256675005,occupancy_6005 <-> occupancy_t4013,MEDIUM,0.3484809621942081
traffic_20_10,occupancy_6005 <-> speed_6005,LOW,0.3687551424478251,occupancy_t4013 <-> speed_t4013,MEDIUM,0.3374102938794952
traffic_20_10,occupancy_6005 <-> speed_6005,LOW,0.3687551424478251,occupancy_6005 <-> speed_6005,MEDIUM,0.32270945119956645
traffic_20_10,occupancy_6005 <-> speed_6005,LOW,0.3687551424478251,occupancy_6005 <-> occupancy_t4013,MEDIUM,0.3484809621942081
traffic_20_10,occupancy_6005 <-> occupancy_t4013,LOW,0.44557378013910853,occupancy_t4013 <-> speed_t4013,MEDIUM,0.38489964618709405
traffic_20_10,occupancy_6005 <-> occupancy_t4013,LOW,0.44557378013910853,occupancy_t4013 <-> speed_t4013,MEDIUM,0.3374102938794952
traffic_20_10,occupancy_6005 <-> occupancy_t4013,LOW,0.44557378013910853,occupancy_6005 <-> speed_6005,MEDIUM,0.32270945119956645
traffic_20_10,occupancy_6005 <-> occupancy_t4013,LOW,0.44557378013910853,occupancy_6005 <-> speed_6005,MEDIUM,0.39298443393398524
traffic_20_10,occupancy_6005 <-> occupancy_t4013,LOW,0.44557378013910853,occupancy_6005 <-> occupancy_t4013,MEDIUM,0.3484809621942081
traffic_20_10,occupancy_t4013 <-> speed_6005,LOW,0.32862278304878834,occupancy_6005 <-> speed_6005,MEDIUM,0.32270945119956645
traffic_20_10,occupancy_t4013 <-> speed_t4013,LOW,0.42326428656370735,occupancy_t4013 <-> speed_t4013,MEDIUM,0.38489964618709405
traffic_20_10,occupancy_t4013 <-> speed_t4013,LOW,0.42326428656370735,occupancy_t4013 <-> speed_t4013,MEDIUM,0.3374102938794952
traffic_20_10,occupancy_t4013 <-> speed_t4013,LOW,0.42326428656370735,occupancy_6005 <-> speed_6005,MEDIUM,0.32270945119956645
traffic_20_10,occupancy_t4013 <-> speed_t4013,LOW,0.42326428656370735,occupancy_6005 <-> speed_6005,MEDIUM,0.39298443393398524
traffic_20_10,occupancy_t4013 <-> speed_t4013,LOW,0.42326428656370735,occupancy_6005 <-> occupancy_t4013,MEDIUM,0.3484809621942081
traffic_20_10,speed_6005 <-> speed_t4013,LOW,0.4452378269123639,occupancy_t4013 <-> speed_t4013,MEDIUM,0.38489964618709405
traffic_20_10,speed_6005 <-> speed_t4013,LOW,0.4452378269123639,occupancy_t4013 <-> speed_t4013,MEDIUM,0.3374102938794952
traffic_20_10,speed_6005 <-> speed_t4013,LOW,0.4452378269123639,occupancy_6005 <-> speed_6005,MEDIUM,0.32270945119956645
traffic_20_10,speed_6005 <-> speed_t4013,LOW,0.4452378269123639,occupancy_6005 <-> speed_6005,MEDIUM,0.39298443393398524
traffic_20_10,speed_6005 <-> speed_t4013,LOW,0.4452378269123639,occupancy_6005 <-> occupancy_t4013,MEDIUM,0.3484809621942081
traffic_20_10,occupancy_6005 <-> speed_6005,LOW,0.38864491562365705,occupancy_t4013 <-> speed_t4013,MEDIUM,0.38489964618709405
traffic_20_10,occupancy_6005 <-> speed_6005,LOW,0.38864491562365705,occupancy_t4013 <-> speed_t4013,MEDIUM,0.3374102938794952
traffic_20_10,occupancy_6005 <-> speed_6005,LOW,0.38864491562365705,occupancy_6005 <-> speed_6005,MEDIUM,0.32270945119956645
traffic_20_10,occupancy_6005 <-> speed_6005,LOW,0.38864491562365705,occupancy_6005 <-> occupancy_t4013,MEDIUM,0.3484809621942081
traffic_20_10,occupancy_6005 <-> speed_t4013,LOW,0.3265272815905077,occupancy_6005 <-> speed_6005,MEDIUM,0.32270945119956645
traffic_20_10,occupancy_6005 <-> speed_t4013,LOW,0.4952851853407842,occupancy_t4013 <-> speed_t4013,MEDIUM,0.46621543512964764
traffic_20_10,occupancy_6005 <-> speed_t4013,LOW,0.4952851853407842,occupancy_6005 <-> speed_t4013,MEDIUM,0.4629828745599599
traffic_20_10,occupancy_6005 <-> speed_t4013,LOW,0.4952851853407842,occupancy_t4013 <-> speed_t4013,MEDIUM,0.38489964618709405
traffic_20_10,occupancy_6005 <-> speed_t4013,LOW,0.4952851853407842,occupancy_t4013 <-> speed_t4013,MEDIUM,0.3374102938794952
traffic_20_10,occupancy_6005 <-> speed_t4013,LOW,0.4952851853407842,occupancy_6005 <-> speed_6005,MEDIUM,0.32270945119956645
traffic_20_10,occupancy_6005 <-> speed_t4013,LOW,0.4952851853407842,occupancy_6005 <-> speed_6005,MEDIUM,0.39298443393398524
traffic_20_10,occupancy_6005 <-> speed_t4013,LOW,0.4952851853407842,occupancy_6005 <-> occupancy_t4013,MEDIUM,0.3484809621942081
traffic_20_10,occupancy_6005 <-> speed_t4013,LOW,0.4952851853407842,occupancy_6005 <-> occupancy_t4013,MEDIUM,0.49336833390619683
traffic_20_10,speed_6005 <-> speed_t4013,LOW,0.33631413279293454,occupancy_6005 <-> speed_6005,MEDIUM,0.32270945119956645
traffic_20_10,occupancy_6005 <-> occupancy_t4013,LOW,0.3528097531448374,occupancy_t4013 <-> speed_t4013,MEDIUM,0.3374102938794952
traffic_20_10,occupancy_6005 <-> occupancy_t4013,LOW,0.3528097531448374,occupancy_6005 <-> speed_6005,MEDIUM,0.32270945119956645
traffic_20_10,occupancy_6005 <-> occupancy_t4013,LOW,0.3528097531448374,occupancy_6005 <-> occupancy_t4013,MEDIUM,0.3484809621942081
traffic_20_10,speed_6005 <-> speed_t4013,LOW,0.4180706284246086,occupancy_t4013 <-> speed_t4013,MEDIUM,0.38489964618709405
traffic_20_10,speed_6005 <-> speed_t4013,LOW,0.4180706284246086,occupancy_t4013 <-> speed_t4013,MEDIUM,0.3374102938794952
traffic_20_10,speed_6005 <-> speed_t4013,LOW,0.4180706284246086,occupancy_6005 <-> speed_6005,MEDIUM,0.32270945119956645
traffic_20_10,speed_6005 <-> speed_t4013,LOW,0.4180706284246086,occupancy_6005 <-> speed_6005,MEDIUM,0.39298443393398524
traffic_20_10,speed_6005 <-> speed_t4013,LOW,0.4180706284246086,occupancy_6005 <-> occupancy_t4013,MEDIUM,0.3484809621942081
traffic_20_10,occupancy_6005 <-> speed_t4013,LOW,0.4317484490000342,occupancy_t4013 <-> speed_t4013,MEDIUM,0.38489964618709405
traffic_20_10,occupancy_6005 <-> speed_t4013,LOW,0.4317484490000342,occupancy_t4013 <-> speed_t4013,MEDIUM,0.3374102938794952
traffic_20_10,occupancy_6005 <-> speed_t4013,LOW,0.4317484490000342,occupancy_6005 <-> speed_6005,MEDIUM,0.32270945119956645
traffic_20_10,occupancy_6005 <-> speed_t4013,LOW,0.4317484490000342,occupancy_6005 <-> speed_6005,MEDIUM,0.39298443393398524
traffic_20_10,occupancy_6005 <-> speed_t4013,LOW,0.4317484490000342,occupancy_6005 <-> occupancy_t4013,MEDIUM,0.3484809621942081
traffic_20_10,occupancy_6005 <-> occupancy_t4013,LOW,0.3941607841719239,occupancy_t4013 <-> speed_t4013,MEDIUM,0.38489964618709405
traffic_20_10,occupancy_6005 <-> occupancy_t4013,LOW,0.3941607841719239,occupancy_t4013 <-> speed_t4013,MEDIUM,0.3374102938794952
traffic_20_10,occupancy_6005 <-> occupancy_t4013,LOW,0.3941607841719239,occupancy_6005 <-> speed_6005,MEDIUM,0.32270945119956645
traffic_20_10,occupancy_6005 <-> occupancy_t4013,LOW,0.3941607841719239,occupancy_6005 <-> speed_6005,MEDIUM,0.39298443393398524
traffic_20_10,occupancy_6005 <-> occupancy_t4013,LOW,0.3941607841719239,occupancy_6005 <-> occupancy_t4013,MEDIUM,0.3484809621942081
traffic_20_10,occupancy_6005 <-> speed_t4013,LOW,0.48573540241493945,occupancy_t4013 <-> speed_t4013,MEDIUM,0.46621543512964764
traffic_20_10,occupancy_6005 <-> speed_t4013,LOW,0.48573540241493945,occupancy_6005 <-> speed_t4013,MEDIUM,0.4629828745599599
traffic_20_10,occupancy_6005 <-> speed_t4013,LOW,0.48573540241493945,occupancy_t4013 <-> speed_t4013,MEDIUM,0.38489964618709405
traffic_20_10,occupancy_6005 <-> speed_t4013,LOW,0.48573540241493945,occupancy_t4013 <-> speed_t4013,MEDIUM,0.3374102938794952
traffic_20_10,occupancy_6005 <-> speed_t4013,LOW,0.48573540241493945,occupancy_6005 <-> speed_6005,MEDIUM,0.32270945119956645
traffic_20_10,occupancy_6005 <-> speed_t4013,LOW,0.48573540241493945,occupancy_6005 <-> speed_6005,MEDIUM,0.39298443393398524
traffic_20_10,occupancy_6005 <-> speed_t4013,LOW,0.48573540241493945,occupancy_6005 <-> occupancy_t4013,MEDIUM,0.3484809621942081
traffic_20_10,speed_6005 <-> speed_t4013,LOW,0.33710599162043886,occupancy_6005 <-> speed_6005,MEDIUM,0.32270945119956645
traffic_20_10,speed_6005 <-> speed_t4013,LOW,0.4514741050218361,occupancy_t4013 <-> speed_t4013,MEDIUM,0.38489964618709405
traffic_20_10,speed_6005 <-> speed_t4013,LOW,0.4514741050218361,occupancy_t4013 <-> speed_t4013,MEDIUM,0.3374102938794952
traffic_20_10,speed_6005 <-> speed_t4013,LOW,0.4514741050218361,occupancy_6005 <-> speed_6005,MEDIUM,0.32270945119956645
traffic_20_10,speed_6005 <-> speed_t4013,LOW,0.4514741050218361,occupancy_6005 <-> speed_6005,MEDIUM,0.39298443393398524
traffic_20_10,speed_6005 <-> speed_t4013,LOW,0.4514741050218361,occupancy_6005 <-> occupancy_t4013,MEDIUM,0.3484809621942081
traffic_20_10,occupancy_6005 <-> occupancy_t4013,LOW,0.37133323538757135,occupancy_t4013 <-> speed_t4013,MEDIUM,0.3374102938794952
traffic_20_10,occupancy_6005 <-> occupancy_t4013,LOW,0.37133323538757135,occupancy_6005 <-> speed_6005,MEDIUM,0.32270945119956645
traffic_20_10,occupancy_6005 <-> occupancy_t4013,LOW,0.37133323538757135,occupancy_6005 <-> occupancy_t4013,MEDIUM,0.3484809621942081
traffic_20_10,occupancy_6005 <-> speed_t4013,LOW,0.35620950145432095,occupancy_t4013 <-> speed_t4013,MEDIUM,0.3374102938794952
traffic_20_10,occupancy_6005 <-> speed_t4013,LOW,0.35620950145432095,occupancy_6005 <-> speed_6005,MEDIUM,0.32270945119956645
traffic_20_10,occupancy_6005 <-> speed_t4013,LOW,0.35620950145432095,occupancy_6005 <-> occupancy_t4013,MEDIUM,0.3484809621942081
traffic_20_10,speed_6005 <-> speed_t4013,LOW,0.48072061348745665,occupancy_t4013 <-> speed_t4013,MEDIUM,0.46621543512964764
traffic_20_10,speed_6005 <-> speed_t4013,LOW,0.48072061348745665,occupancy_6005 <-> speed_t4013,MEDIUM,0.4629828745599599
traffic_20_10,speed_6005 <-> speed_t4013,LOW,0.48072061348745665,occupancy_t4013 <-> speed_t4013,MEDIUM,0.38489964618709405
traffic_20_10,speed_6005 <-> speed_t4013,LOW,0.48072061348745665,occupancy_t4013 <-> speed_t4013,MEDIUM,0.3374102938794952
traffic_20_10,speed_6005 <-> speed_t4013,LOW,0.48072061348745665,occupancy_6005 <-> speed_6005,MEDIUM,0.32270945119956645
traffic_20_10,speed_6005 <-> speed_t4013,LOW,0.48072061348745665,occupancy_6005 <-> speed_6005,MEDIUM,0.39298443393398524
traffic_20_10,speed_6005 <-> speed_t4013,LOW,0.48072061348745665,occupancy_6005 <-> occupancy_t4013,MEDIUM,0.3484809621942081
traffic_20_10,occupancy_6005 <-> speed_t4013,LOW,0.4125735509513909,occupancy_t4013 <-> speed_t4013,MEDIUM,0.38489964618709405
traffic_20_10,occupancy_6005 <-> speed_t4013,LOW,0.4125735509513909,occupancy_t4013 <-> speed_t4013,MEDIUM,0.3374102938794952
traffic_20_10,occupancy_6005 <-> speed_t4013,LOW,0.4125735509513909,occupancy_6005 <-> speed_6005,MEDIUM,0.32270945119956645
traffic_20_10,occupancy_6005 <-> speed_t4013,LOW,0.4125735509513909,occupancy_6005 <-> speed_6005,MEDIUM,0.39298443393398524
traffic_20_10,occupancy_6005 <-> speed_t4013,LOW,0.4125735509513909,occupancy_6005 <-> occupancy_t4013,MEDIUM,0.3484809621942081
traffic_20_10,occupancy_t4013 <-> speed_t4013,LOW,0.3313875170806696,occupancy_6005 <-> speed_6005,MEDIUM,0.32270945119956645
traffic_20_10,occupancy_6005 <-> speed_t4013,LOW,0.36644634802985376,occupancy_t4013 <-> speed_t4013,MEDIUM,0.3374102938794952
traffic_20_10,occupancy_6005 <-> speed_t4013,LOW,0.36644634802985376,occupancy_6005 <-> speed_6005,MEDIUM,0.32270945119956645
traffic_20_10,occupancy_6005 <-> speed_t4013,LOW,0.36644634802985376,occupancy_6005 <-> occupancy_t4013,MEDIUM,0.3484809621942081
traffic_20_10,occupancy_t4013 <-> speed_t4013,LOW,0.3819280102161124,occupancy_t4013 <-> speed_t4013,MEDIUM,0.3374102938794952
traffic_20_10,occupancy_t4013 <-> speed_t4013,LOW,0.3819280102161124,occupancy_6005 <-> speed_6005,MEDIUM,0.32270945119956645
traffic_20_10,occupancy_t4013 <-> speed_t4013,LOW,0.3819280102161124,occupancy_6005 <-> occupancy_t4013,MEDIUM,0.3484809621942081
traffic_20_10,speed_6005 <-> speed_t4013,LOW,0.4818858992938617,occupancy_t4013 <-> speed_t4013,MEDIUM,0.46621543512964764
traffic_20_10,speed_6005 <-> speed_t4013,LOW,0.4818858992938617,occupancy_6005 <-> speed_t4013,MEDIUM,0.4629828745599599
traffic_20_10,speed_6005 <-> speed_t4013,LOW,0.4818858992938617,occupancy_t4013 <-> speed_t4013,MEDIUM,0.38489964618709405
traffic_20_10,speed_6005 <-> speed_t4013,LOW,0.4818858992938617,occupancy_t4013 <-> speed_t4013,MEDIUM,0.3374102938794952
traffic_20_10,speed_6005 <-> speed_t4013,LOW,0.4818858992938617,occupancy_6005 <-> speed_6005,MEDIUM,0.32270945119956645
traffic_20_10,speed_6005 <-> speed_t4013,LOW,0.4818858992938617,occupancy_6005 <-> speed_6005,MEDIUM,0.39298443393398524
traffic_20_10,speed_6005 <-> speed_t4013,LOW,0.4818858992938617,occupancy_6005 <-> occupancy_t4013,MEDIUM,0.3484809621942081
traffic_20_10,occupancy_6005 <-> occupancy_t4013,LOW,0.3534057582548422,occupancy_t4013 <-> speed_t4013,MEDIUM,0.3374102938794952
traffic_20_10,occupancy_6005 <-> occupancy_t4013,LOW,0.3534057582548422,occupancy_6005 <-> speed_6005,MEDIUM,0.32270945119956645
traffic_20_10,occupancy_6005 <-> occupancy_t4013,LOW,0.3534057582548422,occupancy_6005 <-> occupancy_t4013,MEDIUM,0.3484809621942081
traffic_20_10,occupancy_6005 <-> occupancy_t4013,LOW,0.47028284769424494,occupancy_t4013 <-> speed_t4013,MEDIUM,0.46621543512964764
traffic_20_10,occupancy_6005 <-> occupancy_t4013,LOW,0.47028284769424494,occupancy_6005 <-> speed_t4013,MEDIUM,0.4629828745599599
traffic_20_10,occupancy_6005 <-> occupancy_t4013,LOW,0.47028284769424494,occupancy_t4013 <-> speed_t4013,MEDIUM,0.38489964618709405
traffic_20_10,occupancy_6005 <-> occupancy_t4013,LOW,0.47028284769424494,occupancy_t4013 <-> speed_t4013,MEDIUM,0.3374102938794952
traffic_20_10,occupancy_6005 <-> occupancy_t4013,LOW,0.47028284769424494,occupancy_6005 <-> speed_6005,MEDIUM,0.32270945119956645
traffic_20_10,occupancy_6005 <-> occupancy_t4013,LOW,0.47028284769424494,occupancy_6005 <-> speed_6005,MEDIUM,0.39298443393398524
traffic_20_10,occupancy_6005 <-> occupancy_t4013,LOW,0.47028284769424494,occupancy_6005 <-> occupancy_t4013,MEDIUM,0.3484809621942081
traffic_20_10,occupancy_6005 <-> speed_6005,LOW,0.4882836706358784,occupancy_t4013 <-> speed_t4013,MEDIUM,0.46621543512964764
traffic_20_10,occupancy_6005 <-> speed_6005,LOW,0.4882836706358784,occupancy_6005 <-> speed_t4013,MEDIUM,0.4629828745599599
traffic_20_10,occupancy_6005 <-> speed_6005,LOW,0.4882836706358784,occupancy_t4013 <-> speed_t4013,MEDIUM,0.38489964618709405
traffic_20_10,occupancy_6005 <-> speed_6005,LOW,0.4882836706358784,occupancy_t4013 <-> speed_t4013,MEDIUM,0.3374102938794952
traffic_20_10,occupancy_6005 <-> speed_6005,LOW,0.4882836706358784,occupancy_6005 <-> speed_6005,MEDIUM,0.32270945119956645
traffic_20_10,occupancy_6005 <-> speed_6005,LOW,0.4882836706358784,occupancy_6005 <-> speed_6005,MEDIUM,0.39298443393398524
traffic_20_10,occupancy_6005 <-> speed_6005,LOW,0.4882836706358784,occupancy_6005 <-> occupancy_t4013,MEDIUM,0.3484809621942081
traffic_20_10,occupancy_6005 <-> speed_6005,LOW,0.3267831177748399,occupancy_6005 <-> speed_6005,MEDIUM,0.32270945119956645
traffic_20_10,occupancy_6005 <-> occupancy_t4013,LOW,0.40808637336127807,occupancy_t4013 <-> speed_t4013,MEDIUM,0.38489964618709405
traffic_20_10,occupancy_6005 <-> occupancy_t4013,LOW,0.40808637336127807,occupancy_t4013 <-> speed_t4013,MEDIUM,0.3374102938794952
traffic_20_10,occupancy_6005 <-> occupancy_t4013,LOW,0.40808637336127807,occupancy_6005 <-> speed_6005,MEDIUM,0.32270945119956645
traffic_20_10,occupancy_6005 <-> occupancy_t4013,LOW,0.40808637336127807,occupancy_6005 <-> speed_6005,MEDIUM,0.39298443393398524
traffic_20_10,occupancy_6005 <-> occupancy_t4013,LOW,0.40808637336127807,occupancy_6005 <-> occupancy_t4013,MEDIUM,0.3484809621942081
traffic_20_10,speed_6005 <-> speed_t4013,LOW,0.3980199393534109,occupancy_t4013 <-> speed_t4013,MEDIUM,0.38489964618709405
traffic_20_10,speed_6005 <-> speed_t4013,LOW,0.3980199393534109,occupancy_t4013 <-> speed_t4013,MEDIUM,0.3374102938794952
traffic_20_10,speed_6005 <-> speed_t4013,LOW,0.3980199393534109,occupancy_6005 <-> speed_6005,MEDIUM,0.32270945119956645
traffic_20_10,speed_6005 <-> speed_t4013,LOW,0.3980199393534109,occupancy_6005 <-> speed_6005,MEDIUM,0.39298443393398524
traffic_20_10,speed_6005 <-> speed_t4013,LOW,0.3980199393534109,occupancy_6005 <-> occupancy_t4013,MEDIUM,0.3484809621942081
traffic_20_10,occupancy_6005 <-> occupancy_t4013,LOW,0.39864976366374333,occupancy_t4013 <-> speed_t4013,MEDIUM,0.38489964618709405
traffic_20_10,occupancy_6005 <-> occupancy_t4013,LOW,0.39864976366374333,occupancy_t4013 <-> speed_t4013,MEDIUM,0.3374102938794952
traffic_20_10,occupancy_6005 <-> occupancy_t4013,LOW,0.39864976366374333,occupancy_6005 <-> speed_6005,MEDIUM,0.32270945119956645
traffic_20_10,occupancy_6005 <-> occupancy_t4013,LOW,0.39864976366374333,occupancy_6005 <-> speed_6005,MEDIUM,0.39298443393398524
traffic_20_10,occupancy_6005 <-> occupancy_t4013,LOW,0.39864976366374333,occupancy_6005 <-> occupancy_t4013,MEDIUM,0.3484809621942081
traffic_20_10,occupancy_t4013 <-> speed_t4013,LOW,0.34325993626253665,occupancy_t4013 <-> speed_t4013,MEDIUM,0.3374102938794952
traffic_20_10,occupancy_t4013 <-> speed_t4013,LOW,0.34325993626253665,occupancy_6005 <-> speed_6005,MEDIUM,0.32270945119956645
traffic_20_10,speed_6005 <-> speed_t4013,LOW,0.42915974181004957,occupancy_t4013 <-> speed_t4013,MEDIUM,0.38489964618709405
traffic_20_10,speed_6005 <-> speed_t4013,LOW,0.42915974181004957,occupancy_t4013 <-> speed_t4013,MEDIUM,0.3374102938794952
traffic_20_10,speed_6005 <-> speed_t4013,LOW,0.42915974181004957,occupancy_6005 <-> speed_6005,MEDIUM,0.32270945119956645
traffic_20_10,speed_6005 <-> speed_t4013,LOW,0.42915974181004957,occupancy_6005 <-> speed_6005,MEDIUM,0.39298443393398524
traffic_20_10,speed_6005 <-> speed_t4013,LOW,0.42915974181004957,occupancy_6005 <-> occupancy_t4013,MEDIUM,0.3484809621942081
traffic_20_10,occupancy_6005 <-> occupancy_t4013,LOW,0.37158286693354114,occupancy_t4013 <-> speed_t4013,MEDIUM,0.3374102938794952
traffic_20_10,occupancy_6005 <-> occupancy_t4013,LOW,0.37158286693354114,occupancy_6005 <-> speed_6005,MEDIUM,0.32270945119956645
traffic_20_10,occupancy_6005 <-> occupancy_t4013,LOW,0.37158286693354114,occupancy_6005 <-> occupancy_t4013,MEDIUM,0.3484809621942081
traffic_20_10,occupancy_6005 <-> speed_t4013,LOW,0.38555750663898036,occupancy_t4013 <-> speed_t4013,MEDIUM,0.38489964618709405
traffic_20_10,occupancy_6005 <-> speed_t4013,LOW,0.38555750663898036,occupancy_t4013 <-> speed_t4013,MEDIUM,0.3374102938794952
traffic_20_10,occupancy_6005 <-> speed_t4013,LOW,0.38555750663898036,occupancy_6005 <-> speed_6005,MEDIUM,0.32270945119956645
traffic_20_10,occupancy_6005 <-> speed_t4013,LOW,0.38555750663898036,occupancy_6005 <-> occupancy_t4013,MEDIUM,0.3484809621942081
traffic_20_10,occupancy_6005 <-> occupancy_t4013,LOW,0.36791570567566456,occupancy_t4013 <-> speed_t4013,MEDIUM,0.3374102938794952
traffic_20_10,occupancy_6005 <-> occupancy_t4013,LOW,0.36791570567566456,occupancy_6005 <-> speed_6005,MEDIUM,0.32270945119956645
traffic_20_10,occupancy_6005 <-> occupancy_t4013,LOW,0.36791570567566456,occupancy_6005 <-> occupancy_t4013,MEDIUM,0.3484809621942081
traffic_20_10,occupancy_6005 <-> speed_6005,LOW,0.3862934956440745,occupancy_t4013 <-> speed_t4013,MEDIUM,0.38489964618709405
traffic_20_10,occupancy_6005 <-> speed_6005,LOW,0.3862934956440745,occupancy_t4013 <-> speed_t4013,MEDIUM,0.3374102938794952
traffic_20_10,occupancy_6005 <-> speed_6005,LOW,0.3862934956440745,occupancy_6005 <-> speed_6005,MEDIUM,0.32270945119956645
traffic_20_10,occupancy_6005 <-> speed_6005,LOW,0.3862934956440745,occupancy_6005 <-> occupancy_t4013,MEDIUM,0.3484809621942081
traffic_20_10,occupancy_t4013 <-> speed_t4013,LOW,0.4368331160748693,occupancy_t4013 <-> speed_t4013,MEDIUM,0.38489964618709405
traffic_20_10,occupancy_t4013 <-> speed_t4013,LOW,0.4368331160748693,occupancy_t4013 <-> speed_t4013,MEDIUM,0.3374102938794952
traffic_20_10,occupancy_t4013 <-> speed_t4013,LOW,0.4368331160748693,occupancy_6005 <-> speed_6005,MEDIUM,0.32270945119956645
traffic_20_10,occupancy_t4013 <-> speed_t4013,LOW,0.4368331160748693,occupancy_6005 <-> speed_6005,MEDIUM,0.39298443393398524
traffic_20_10,occupancy_t4013 <-> speed_t4013,LOW,0.4368331160748693,occupancy_6005 <-> occupancy_t4013,MEDIUM,0.3484809621942081
traffic_20_10,occupancy_6005 <-> occupancy_t4013,LOW,0.4741118335913991,occupancy_t4013 <-> speed_t4013,MEDIUM,0.46621543512964764
traffic_20_10,occupancy_6005 <-> occupancy_t4013,LOW,0.4741118335913991,occupancy_6005 <-> speed_t4013,MEDIUM,0.4629828745599599
traffic_20_10,occupancy_6005 <-> occupancy_t4013,LOW,0.4741118335913991,occupancy_t4013 <-> speed_t4013,MEDIUM,0.38489964618709405
traffic_20_10,occupancy_6005 <-> occupancy_t4013,LOW,0.4741118335913991,occupancy_t4013 <-> speed_t4013,MEDIUM,0.3374102938794952
traffic_20_10,occupancy_6005 <-> occupancy_t4013,LOW,0.4741118335913991,occupancy_6005 <-> speed_6005,MEDIUM,0.32270945119956645
traffic_20_10,occupancy_6005 <-> occupancy_t4013,LOW,0.4741118335913991,occupancy_6005 <-> speed_6005,MEDIUM,0.39298443393398524
traffic_20_10,occupancy_6005 <-> occupancy_t4013,LOW,0.4741118335913991,occupancy_6005 <-> occupancy_t4013,MEDIUM,0.3484809621942081
traffic_20_10,occupancy_6005 <-> speed_6005,LOW,0.32677615143656713,occupancy_6005 <-> speed_6005,MEDIUM,0.32270945119956645
traffic_20_10,occupancy_6005 <-> occupancy_t4013,LOW,0.37683526529094985,occupancy_t4013 <-> speed_t4013,MEDIUM,0.3374102938794952
traffic_20_10,occupancy_6005 <-> occupancy_t4013,LOW,0.37683526529094985,occupancy_6005 <-> speed_6005,MEDIUM,0.32270945119956645
traffic_20_10,occupancy_6005 <-> occupancy_t4013,LOW,0.37683526529094985,occupancy_6005 <-> occupancy_t4013,MEDIUM,0.3484809621942081
traffic_20_10,occupancy_6005 <-> speed_t4013,LOW,0.3451124564278316,occupancy_t4013 <-> speed_t4013,MEDIUM,0.3374102938794952
traffic_20_10,occupancy_6005 <-> speed_t4013,LOW,0.3451124564278316,occupancy_6005 <-> speed_6005,MEDIUM,0.32270945119956645
traffic_20_10,speed_6005 <-> speed_t4013,LOW,0.36262678923602915,occupancy_t4013 <-> speed_t4013,MEDIUM,0.3374102938794952
traffic_20_10,speed_6005 <-> speed_t4013,LOW,0.36262678923602915,occupancy_6005 <-> speed_6005,MEDIUM,0.32270945119956645
traffic_20_10,speed_6005 <-> speed_t4013,LOW,0.36262678923602915,occupancy_6005 <-> occupancy_t4013,MEDIUM,0.3484809621942081
traffic_20_10,occupancy_6005 <-> speed_t4013,LOW,0.33701479528475514,occupancy_6005 <-> speed_6005,MEDIUM,0.32270945119956645
traffic_20_10,occupancy_t4013 <-> speed_t4013,LOW,0.3435689372273899,occupancy_t4013 <-> speed_t4013,MEDIUM,0.3374102938794952
traffic_20_10,occupancy_t4013 <-> speed_t4013,LOW,0.3435689372273899,occupancy_6005 <-> speed_6005,MEDIUM,0.32270945119956645
traffic_20_10,occupancy_6005 <-> occupancy_t4013,LOW,0.3469719397635002,occupancy_t4013 <-> speed_t4013,MEDIUM,0.3374102938794952
traffic_20_10,occupancy_6005 <-> occupancy_t4013,LOW,0.3469719397635002,occupancy_6005 <-> speed_6005,MEDIUM,0.32270945119956645
traffic_20_10,occupancy_t4013 <-> speed_t4013,LOW,0.3776191905094929,occupancy_t4013 <-> speed_t4013,MEDIUM,0.3374102938794952
traffic_20_10,occupancy_t4013 <-> speed_t4013,LOW,0.3776191905094929,occupancy_6005 <-> speed_6005,MEDIUM,0.32270945119956645
traffic_20_10,occupancy_t4013 <-> speed_t4013,LOW,0.3776191905094929,occupancy_6005 <-> occupancy_t4013,MEDIUM,0.3484809621942081
traffic_20_10,occupancy_t4013 <-> speed_6005,LOW,0.40760099843292086,occupancy_t4013 <-> speed_t4013,MEDIUM,0.38489964618709405
traffic_20_10,occupancy_t4013 <-> speed_6005,LOW,0.40760099843292086,occupancy_t4013 <-> speed_t4013,MEDIUM,0.3374102938794952
traffic_20_10,occupancy_t4013 <-> speed_6005,LOW,0.40760099843292086,occupancy_6005 <-> speed_6005,MEDIUM,0.32270945119956645
traffic_20_10,occupancy_t4013 <-> speed_6005,LOW,0.40760099843292086,occupancy_6005 <-> speed_6005,MEDIUM,0.39298443393398524
traffic_20_10,occupancy_t4013 <-> speed_6005,LOW,0.40760099843292086,occupancy_6005 <-> occupancy_t4013,MEDIUM,0.3484809621942081
traffic_20_10,occupancy_6005 <-> speed_6005,LOW,0.454457738120319,occupancy_t4013 <-> speed_t4013,MEDIUM,0.38489964618709405
traffic_20_10,occupancy_6005 <-> speed_6005,LOW,0.454457738120319,occupancy_t4013 <-> speed_t4013,MEDIUM,0.3374102938794952
traffic_20_10,occupancy_6005 <-> speed_6005,LOW,0.454457738120319,occupancy_6005 <-> speed_6005,MEDIUM,0.32270945119956645
traffic_20_10,occupancy_6005 <-> speed_6005,LOW,0.454457738120319,occupancy_6005 <-> speed_6005,MEDIUM,0.39298443393398524
traffic_20_10,occupancy_6005 <-> speed_6005,LOW,0.454457738120319,occupancy_6005 <-> occupancy_t4013,MEDIUM,0.3484809621942081
traffic_20_10,occupancy_t4013 <-> speed_t4013,LOW,0.33215113083631564,occupancy_6005 <-> speed_6005,MEDIUM,0.32270945119956645
traffic_20_10,speed_6005 <-> speed_t4013,LOW,0.4369469829697604,occupancy_t4013 <-> speed_t4013,MEDIUM,0.38489964618709405
traffic_20_10,speed_6005 <-> speed_t4013,LOW,0.4369469829697604,occupancy_t4013 <-> speed_t4013,MEDIUM,0.3374102938794952
traffic_20_10,speed_6005 <-> speed_t4013,LOW,0.4369469829697604,occupancy_6005 <-> speed_6005,MEDIUM,0.32270945119956645
traffic_20_10,speed_6005 <-> speed_t4013,LOW,0.4369469829697604,occupancy_6005 <-> speed_6005,MEDIUM,0.39298443393398524
traffic_20_10,speed_6005 <-> speed_t4013,LOW,0.4369469829697604,occupancy_6005 <-> occupancy_t4013,MEDIUM,0.3484809621942081
traffic_20_10,occupancy_6005 <-> speed_6005,LOW,0.3238189163129468,occupancy_6005 <-> speed_6005,MEDIUM,0.32270945119956645
traffic_20_10,occupancy_6005 <-> occupancy_t4013,LOW,0.35700617617649466,occupancy_t4013 <-> speed_t4013,MEDIUM,0.3374102938794952
traffic_20_10,occupancy_6005 <-> occupancy_t4013,LOW,0.35700617617649466,occupancy_6005 <-> speed_6005,MEDIUM,0.32270945119956645
traffic_20_10,occupancy_6005 <-> occupancy_t4013,LOW,0.35700617617649466,occupancy_6005 <-> occupancy_t4013,MEDIUM,0.3484809621942081
traffic_20_10,occupancy_6005 <-> speed_t4013,LOW,0.3883060232465094,occupancy_t4013 <-> speed_t4013,MEDIUM,0.38489964618709405
traffic_20_10,occupancy_6005 <-> speed_t4013,LOW,0.3883060232465094,occupancy_t4013 <-> speed_t4013,MEDIUM,0.3374102938794952
traffic_20_10,occupancy_6005 <-> speed_t4013,LOW,0.3883060232465094,occupancy_6005 <-> speed_6005,MEDIUM,0.32270945119956645
traffic_20_10,occupancy_6005 <-> speed_t4013,LOW,0.3883060232465094,occupancy_6005 <-> occupancy_t4013,MEDIUM,0.3484809621942081
traffic_20_10,speed_6005 <-> speed_t4013,LOW,0.40256227528744354,occupancy_t4013 <-> speed_t4013,MEDIUM,0.38489964618709405
traffic_20_10,speed_6005 <-> speed_t4013,LOW,0.40256227528744354,occupancy_t4013 <-> speed_t4013,MEDIUM,0.3374102938794952
traffic_20_10,speed_6005 <-> speed_t4013,LOW,0.40256227528744354,occupancy_6005 <-> speed_6005,MEDIUM,0.32270945119956645
traffic_20_10,speed_6005 <-> speed_t4013,LOW,0.40256227528744354,occupancy_6005 <-> speed_6005,MEDIUM,0.39298443393398524
traffic_20_10,speed_6005 <-> speed_t4013,LOW,0.40256227528744354,occupancy_6005 <-> occupancy_t4013,MEDIUM,0.3484809621942081
traffic_20_10,occupancy_6005 <-> occupancy_t4013,LOW,0.36518367221290776,occupancy_t4013 <-> speed_t4013,MEDIUM,0.3374102938794952
traffic_20_10,occupancy_6005 <-> occupancy_t4013,LOW,0.36518367221290776,occupancy_6005 <-> speed_6005,MEDIUM,0.32270945119956645
traffic_20_10,occupancy_6005 <-> occupancy_t4013,LOW,0.36518367221290776,occupancy_6005 <-> occupancy_t4013,MEDIUM,0.3484809621942081
traffic_20_10,speed_6005 <-> speed_t4013,LOW,0.3411059397550047,occupancy_t4013 <-> speed_t4013,MEDIUM,0.3374102938794952
traffic_20_10,speed_6005 <-> speed_t4013,LOW,0.3411059397550047,occupancy_6005 <-> speed_6005,MEDIUM,0.32270945119956645
traffic_20_10,occupancy_6005 <-> occupancy_t4013,LOW,0.4389288791468553,occupancy_t4013 <-> speed_t4013,MEDIUM,0.38489964618709405
traffic_20_10,occupancy_6005 <-> occupancy_t4013,LOW,0.4389288791468553,occupancy_t4013 <-> speed_t4013,MEDIUM,0.3374102938794952
traffic_20_10,occupancy_6005 <-> occupancy_t4013,LOW,0.4389288791468553,occupancy_6005 <-> speed_6005,MEDIUM,0.32270945119956645
traffic_20_10,occupancy_6005 <-> occupancy_t4013,LOW,0.4389288791468553,occupancy_6005 <-> speed_6005,MEDIUM,0.39298443393398524
traffic_20_10,occupancy_6005 <-> occupancy_t4013,LOW,0.4389288791468553,occupancy_6005 <-> occupancy_t4013,MEDIUM,0.3484809621942081
traffic_20_10,occupancy_6005 <-> speed_6005,LOW,0.37785445599932477,occupancy_t4013 <-> speed_t4013,MEDIUM,0.3374102938794952
traffic_20_10,occupancy_6005 <-> speed_6005,LOW,0.37785445599932477,occupancy_6005 <-> speed_6005,MEDIUM,0.32270945119956645
traffic_20_10,occupancy_6005 <-> speed_6005,LOW,0.37785445599932477,occupancy_6005 <-> occupancy_t4013,MEDIUM,0.3484809621942081
traffic_20_10,occupancy_t4013 <-> speed_6005,LOW,0.3684241786537047,occupancy_t4013 <-> speed_t4013,MEDIUM,0.3374102938794952
traffic_20_10,occupancy_t4013 <-> speed_6005,LOW,0.3684241786537047,occupancy_6005 <-> speed_6005,MEDIUM,0.32270945119956645
traffic_20_10,occupancy_t4013 <-> speed_6005,LOW,0.3684241786537047,occupancy_6005 <-> occupancy_t4013,MEDIUM,0.3484809621942081
traffic_20_10,occupancy_6005 <-> speed_t4013,LOW,0.41944066929243545,occupancy_t4013 <-> speed_t4013,MEDIUM,0.38489964618709405
traffic_20_10,occupancy_6005 <-> speed_t4013,LOW,0.41944066929243545,occupancy_t4013 <-> speed_t4013,MEDIUM,0.3374102938794952
traffic_20_10,occupancy_6005 <-> speed_t4013,LOW,0.41944066929243545,occupancy_6005 <-> speed_6005,MEDIUM,0.32270945119956645
traffic_20_10,occupancy_6005 <-> speed_t4013,LOW,0.41944066929243545,occupancy_6005 <-> speed_6005,MEDIUM,0.39298443393398524
traffic_20_10,occupancy_6005 <-> speed_t4013,LOW,0.41944066929243545,occupancy_6005 <-> occupancy_t4013,MEDIUM,0.3484809621942081
traffic_20_10,speed_6005 <-> speed_t4013,LOW,0.3927541437255395,occupancy_t4013 <-> speed_t4013,MEDIUM,0.38489964618709405
traffic_20_10,speed_6005 <-> speed_t4013,LOW,0.3927541437255395,occupancy_t4013 <-> speed_t4013,MEDIUM,0.3374102938794952
traffic_20_10,speed_6005 <-> speed_t4013,LOW,0.3927541437255395,occupancy_6005 <-> speed_6005,MEDIUM,0.32270945119956645
traffic_20_10,speed_6005 <-> speed_t4013,LOW,0.3927541437255395,occupancy_6005 <-> occupancy_t4013,MEDIUM,0.3484809621942081
traffic_20_10,occupancy_t4013 <-> speed_t4013,LOW,0.4262605834716239,occupancy_t4013 <-> speed_t4013,MEDIUM,0.38489964618709405
traffic_20_10,occupancy_t4013 <-> speed_t4013,LOW,0.4262605834716239,occupancy_t4013 <-> speed_t4013,MEDIUM,0.3374102938794952
traffic_20_10,occupancy_t4013 <-> speed_t4013,LOW,0.4262605834716239,occupancy_6005 <-> speed_6005,MEDIUM,0.32270945119956645
traffic_20_10,occupancy_t4013 <-> speed_t4013,LOW,0.4262605834716239,occupancy_6005 <-> speed_6005,MEDIUM,0.39298443393398524
traffic_20_10,occupancy_t4013 <-> speed_t4013,LOW,0.4262605834716239,occupancy_6005 <-> occupancy_t4013,MEDIUM,0.3484809621942081
traffic_20_10,occupancy_6005 <-> occupancy_t4013,LOW,0.45190408865638454,occupancy_t4013 <-> speed_t4013,MEDIUM,0.38489964618709405
traffic_20_10,occupancy_6005 <-> occupancy_t4013,LOW,0.45190408865638454,occupancy_t4013 <-> speed_t4013,MEDIUM,0.3374102938794952
traffic_20_10,occupancy_6005 <-> occupancy_t4013,LOW,0.45190408865638454,occupancy_6005 <-> speed_6005,MEDIUM,0.32270945119956645
traffic_20_10,occupancy_6005 <-> occupancy_t4013,LOW,0.45190408865638454,occupancy_6005 <-> speed_6005,MEDIUM,0.39298443393398524
traffic_20_10,occupancy_6005 <-> occupancy_t4013,LOW,0.45190408865638454,occupancy_6005 <-> occupancy_t4013,MEDIUM,0.3484809621942081
traffic_20_10,occupancy_t4013 <-> speed_6005,LOW,0.4319480248692602,occupancy_t4013 <-> speed_t4013,MEDIUM,0.38489964618709405
traffic_20_10,occupancy_t4013 <-> speed_6005,LOW,0.4319480248692602,occupancy_t4013 <-> speed_t4013,MEDIUM,0.3374102938794952
traffic_20_10,occupancy_t4013 <-> speed_6005,LOW,0.4319480248692602,occupancy_6005 <-> speed_6005,MEDIUM,0.32270945119956645
traffic_20_10,occupancy_t4013 <-> speed_6005,LOW,0.4319480248692602,occupancy_6005 <-> speed_6005,MEDIUM,0.39298443393398524
traffic_20_10,occupancy_t4013 <-> speed_6005,LOW,0.4319480248692602,occupancy_6005 <-> occupancy_t4013,MEDIUM,0.3484809621942081
traffic_20_10,speed_6005 <-> speed_t4013,LOW,0.3405771266419295,occupancy_t4013 <-> speed_t4013,MEDIUM,0.3374102938794952
traffic_20_10,speed_6005 <-> speed_t4013,LOW,0.3405771266419295,occupancy_6005 <-> speed_6005,MEDIUM,0.32270945119956645
traffic_20_10,occupancy_6005 <-> occupancy_t4013,LOW,0.35465052452726764,occupancy_t4013 <-> speed_t4013,MEDIUM,0.3374102938794952
traffic_20_10,occupancy_6005 <-> occupancy_t4013,LOW,0.35465052452726764,occupancy_6005 <-> speed_6005,MEDIUM,0.32270945119956645
traffic_20_10,occupancy_6005 <-> occupancy_t4013,LOW,0.35465052452726764,occupancy_6005 <-> occupancy_t4013,MEDIUM,0.3484809621942081
traffic_20_10,occupancy_6005 <-> speed_6005,LOW,0.4800657796871159,occupancy_t4013 <-> speed_t4013,MEDIUM,0.46621543512964764
traffic_20_10,occupancy_6005 <-> speed_6005,LOW,0.4800657796871159,occupancy_6005 <-> speed_t4013,MEDIUM,0.4629828745599599
traffic_20_10,occupancy_6005 <-> speed_6005,LOW,0.4800657796871159,occupancy_t4013 <-> speed_t4013,MEDIUM,0.38489964618709405
traffic_20_10,occupancy_6005 <-> speed_6005,LOW,0.4800657796871159,occupancy_t4013 <-> speed_t4013,MEDIUM,0.3374102938794952
traffic_20_10,occupancy_6005 <-> speed_6005,LOW,0.4800657796871159,occupancy_6005 <-> speed_6005,MEDIUM,0.32270945119956645
traffic_20_10,occupancy_6005 <-> speed_6005,LOW,0.4800657796871159,occupancy_6005 <-> speed_6005,MEDIUM,0.39298443393398524
traffic_20_10,occupancy_6005 <-> speed_6005,LOW,0.4800657796871159,occupancy_6005 <-> occupancy_t4013,MEDIUM,0.3484809621942081
traffic_20_10,occupancy_6005 <-> occupancy_t4013,LOW,0.4189731394340228,occupancy_t4013 <-> speed_t4013,MEDIUM,0.38489964618709405
traffic_20_10,occupancy_6005 <-> occupancy_t4013,LOW,0.4189731394340228,occupancy_t4013 <-> speed_t4013,MEDIUM,0.3374102938794952
traffic_20_10,occupancy_6005 <-> occupancy_t4013,LOW,0.4189731394340228,occupancy_6005 <-> speed_6005,MEDIUM,0.32270945119956645
traffic_20_10,occupancy_6005 <-> occupancy_t4013,LOW,0.4189731394340228,occupancy_6005 <-> speed_6005,MEDIUM,0.39298443393398524
traffic_20_10,occupancy_6005 <-> occupancy_t4013,LOW,0.4189731394340228,occupancy_6005 <-> occupancy_t4013,MEDIUM,0.3484809621942081
traffic_20_10,occupancy_t4013 <-> speed_t4013,LOW,0.44839280653790126,occupancy_t4013 <-> speed_t4013,MEDIUM,0.38489964618709405
traffic_20_10,occupancy_t4013 <-> speed_t4013,LOW,0.44839280653790126,occupancy_t4013 <-> speed_t4013,MEDIUM,0.3374102938794952
traffic_20_10,occupancy_t4013 <-> speed_t4013,LOW,0.44839280653790126,occupancy_6005 <-> speed_6005,MEDIUM,0.32270945119956645
traffic_20_10,occupancy_t4013 <-> speed_t4013,LOW,0.44839280653790126,occupancy_6005 <-> speed_6005,MEDIUM,0.39298443393398524
traffic_20_10,occupancy_t4013 <-> speed_t4013,LOW,0.44839280653790126,occupancy_6005 <-> occupancy_t4013,MEDIUM,0.3484809621942081
traffic_20_10,occupancy_6005 <-> speed_t4013,LOW,0.4216770108645621,occupancy_t4013 <-> speed_t4013,MEDIUM,0.38489964618709405
traffic_20_10,occupancy_6005 <-> speed_t4013,LOW,0.4216770108645621,occupancy_t4013 <-> speed_t4013,MEDIUM,0.3374102938794952
traffic_20_10,occupancy_6005 <-> speed_t4013,LOW,0.4216770108645621,occupancy_6005 <-> speed_6005,MEDIUM,0.32270945119956645
traffic_20_10,occupancy_6005 <-> speed_t4013,LOW,0.4216770108645621,occupancy_6005 <-> speed_6005,MEDIUM,0.39298443393398524
traffic_20_10,occupancy_6005 <-> speed_t4013,LOW,0.4216770108645621,occupancy_6005 <-> occupancy_t4013,MEDIUM,0.3484809621942081
traffic_20_10,occupancy_t4013 <-> speed_6005,LOW,0.38500994761572105,occupancy_t4013 <-> speed_t4013,MEDIUM,0.38489964618709405
traffic_20_10,occupancy_t4013 <-> speed_6005,LOW,0.38500994761572105,occupancy_t4013 <-> speed_t4013,MEDIUM,0.3374102938794952
traffic_20_10,occupancy_t4013 <-> speed_6005,LOW,0.38500994761572105,occupancy_6005 <-> speed_6005,MEDIUM,0.32270945119956645
traffic_20_10,occupancy_t4013 <-> speed_6005,LOW,0.38500994761572105,occupancy_6005 <-> occupancy_t4013,MEDIUM,0.3484809621942081
traffic_20_10,occupancy_6005 <-> speed_6005,LOW,0.32596936296600276,occupancy_6005 <-> speed_6005,MEDIUM,0.32270945119956645
traffic_20_10,occupancy_t4013 <-> speed_t4013,LOW,0.40708220261880823,occupancy_t4013 <-> speed_t4013,MEDIUM,0.38489964618709405
traffic_20_10,occupancy_t4013 <-> speed_t4013,LOW,0.40708220261880823,occupancy_t4013 <-> speed_t4013,MEDIUM,0.3374102938794952
traffic_20_10,occupancy_t4013 <-> speed_t4013,LOW,0.40708220261880823,occupancy_6005 <-> speed_6005,MEDIUM,0.32270945119956645
traffic_20_10,occupancy_t4013 <-> speed_t4013,LOW,0.40708220261880823,occupancy_6005 <-> speed_6005,MEDIUM,0.39298443393398524
traffic_20_10,occupancy_t4013 <-> speed_t4013,LOW,0.40708220261880823,occupancy_6005 <-> occupancy_t4013,MEDIUM,0.3484809621942081
traffic_20_10,speed_6005 <-> speed_t4013,LOW,0.35911614203663256,occupancy_t4013 <-> speed_t4013,MEDIUM,0.3374102938794952
traffic_20_10,speed_6005 <-> speed_t4013,LOW,0.35911614203663256,occupancy_6005 <-> speed_6005,MEDIUM,0.32270945119956645
traffic_20_10,speed_6005 <-> speed_t4013,LOW,0.35911614203663256,occupancy_6005 <-> occupancy_t4013,MEDIUM,0.3484809621942081
traffic_20_10,occupancy_6005 <-> speed_6005,LOW,0.3772411491659221,occupancy_t4013 <-> speed_t4013,MEDIUM,0.3374102938794952
traffic_20_10,occupancy_6005 <-> speed_6005,LOW,0.3772411491659221,occupancy_6005 <-> speed_6005,MEDIUM,0.32270945119956645
traffic_20_10,occupancy_6005 <-> speed_6005,LOW,0.3772411491659221,occupancy_6005 <-> occupancy_t4013,MEDIUM,0.3484809621942081
traffic_20_10,occupancy_t4013 <-> speed_t4013,LOW,0.4882883773040657,occupancy_t4013 <-> speed_t4013,MEDIUM,0.46621543512964764
traffic_20_10,occupancy_t4013 <-> speed_t4013,LOW,0.4882883773040657,occupancy_6005 <-> speed_t4013,MEDIUM,0.4629828745599599
traffic_20_10,occupancy_t4013 <-> speed_t4013,LOW,0.4882883773040657,occupancy_t4013 <-> speed_t4013,MEDIUM,0.38489964618709405
traffic_20_10,occupancy_t4013 <-> speed_t4013,LOW,0.4882883773040657,occupancy_t4013 <-> speed_t4013,MEDIUM,0.3374102938794952
traffic_20_10,occupancy_t4013 <-> speed_t4013,LOW,0.4882883773040657,occupancy_6005 <-> speed_6005,MEDIUM,0.32270945119956645
traffic_20_10,occupancy_t4013 <-> speed_t4013,LOW,0.4882883773040657,occupancy_6005 <-> speed_6005,MEDIUM,0.39298443393398524
traffic_20_10,occupancy_t4013 <-> speed_t4013,LOW,0.4882883773040657,occupancy_6005 <-> occupancy_t4013,MEDIUM,0.3484809621942081
traffic_20_10,occupancy_t4013 <-> speed_6005,LOW,0.4547090298744509,occupancy_t4013 <-> speed_t4013,MEDIUM,0.38489964618709405
traffic_20_10,occupancy_t4013 <-> speed_6005,LOW,0.4547090298744509,occupancy_t4013 <-> speed_t4013,MEDIUM,0.3374102938794952
traffic_20_10,occupancy_t4013 <-> speed_6005,LOW,0.4547090298744509,occupancy_6005 <-> speed_6005,MEDIUM,0.32270945119956645
traffic_20_10,occupancy_t4013 <-> speed_6005,LOW,0.4547090298744509,occupancy_6005 <-> speed_6005,MEDIUM,0.39298443393398524
traffic_20_10,occupancy_t4013 <-> speed_6005,LOW,0.4547090298744509,occupancy_6005 <-> occupancy_t4013,MEDIUM,0.3484809621942081
traffic_20_10,occupancy_6005 <-> speed_6005,LOW,0.41799175391113225,occupancy_t4013 <-> speed_t4013,MEDIUM,0.38489964618709405
traffic_20_10,occupancy_6005 <-> speed_6005,LOW,0.41799175391113225,occupancy_t4013 <-> speed_t4013,MEDIUM,0.3374102938794952
traffic_20_10,occupancy_6005 <-> speed_6005,LOW,0.41799175391113225,occupancy_6005 <-> speed_6005,MEDIUM,0.32270945119956645
traffic_20_10,occupancy_6005 <-> speed_6005,LOW,0.41799175391113225,occupancy_6005 <-> speed_6005,MEDIUM,0.39298443393398524
traffic_20_10,occupancy_6005 <-> speed_6005,LOW,0.41799175391113225,occupancy_6005 <-> occupancy_t4013,MEDIUM,0.3484809621942081
traffic_20_10,occupancy_t4013 <-> speed_6005,LOW,0.4741335729674841,occupancy_t4013 <-> speed_t4013,MEDIUM,0.46621543512964764
traffic_20_10,occupancy_t4013 <-> speed_6005,LOW,0.4741335729674841,occupancy_6005 <-> speed_t4013,MEDIUM,0.4629828745599599
traffic_20_10,occupancy_t4013 <-> speed_6005,LOW,0.4741335729674841,occupancy_t4013 <-> speed_t4013,MEDIUM,0.38489964618709405
traffic_20_10,occupancy_t4013 <-> speed_6005,LOW,0.4741335729674841,occupancy_t4013 <-> speed_t4013,MEDIUM,0.3374102938794952
traffic_20_10,occupancy_t4013 <-> speed_6005,LOW,0.4741335729674841,occupancy_6005 <-> speed_6005,MEDIUM,0.32270945119956645
traffic_20_10,occupancy_t4013 <-> speed_6005,LOW,0.4741335729674841,occupancy_6005 <-> speed_6005,MEDIUM,0.39298443393398524
traffic_20_10,occupancy_t4013 <-> speed_6005,LOW,0.4741335729674841,occupancy_6005 <-> occupancy_t4013,MEDIUM,0.3484809621942081
traffic_20_10,speed_6005 <-> speed_t4013,LOW,0.42831685106523565,occupancy_t4013 <-> speed_t4013,MEDIUM,0.38489964618709405
traffic_20_10,speed_6005 <-> speed_t4013,LOW,0.42831685106523565,occupancy_t4013 <-> speed_t4013,MEDIUM,0.3374102938794952
traffic_20_10,speed_6005 <-> speed_t4013,LOW,0.42831685106523565,occupancy_6005 <-> speed_6005,MEDIUM,0.32270945119956645
traffic_20_10,speed_6005 <-> speed_t4013,LOW,0.42831685106523565,occupancy_6005 <-> speed_6005,MEDIUM,0.39298443393398524
traffic_20_10,speed_6005 <-> speed_t4013,LOW,0.42831685106523565,occupancy_6005 <-> occupancy_t4013,MEDIUM,0.3484809621942081
traffic_20_10,occupancy_6005 <-> occupancy_t4013,LOW,0.3523742606389226,occupancy_t4013 <-> speed_t4013,MEDIUM,0.3374102938794952
traffic_20_10,occupancy_6005 <-> occupancy_t4013,LOW,0.3523742606389226,occupancy_6005 <-> speed_6005,MEDIUM,0.32270945119956645
traffic_20_10,occupancy_6005 <-> occupancy_t4013,LOW,0.3523742606389226,occupancy_6005 <-> occupancy_t4013,MEDIUM,0.3484809621942081
traffic_20_10,occupancy_6005 <-> speed_t4013,LOW,0.3809205782763007,occupancy_t4013 <-> speed_t4013,MEDIUM,0.3374102938794952
traffic_20_10,occupancy_6005 <-> speed_t4013,LOW,0.3809205782763007,occupancy_6005 <-> speed_6005,MEDIUM,0.32270945119956645
traffic_20_10,occupancy_6005 <-> speed_t4013,LOW,0.3809205782763007,occupancy_6005 <-> occupancy_t4013,MEDIUM,0.3484809621942081
traffic_20_10,occupancy_6005 <-> occupancy_t4013,LOW,0.36759386642846126,occupancy_t4013 <-> speed_t4013,MEDIUM,0.3374102938794952
traffic_20_10,occupancy_6005 <-> occupancy_t4013,LOW,0.36759386642846126,occupancy_6005 <-> speed_6005,MEDIUM,0.32270945119956645
traffic_20_10,occupancy_6005 <-> occupancy_t4013,LOW,0.36759386642846126,occupancy_6005 <-> occupancy_t4013,MEDIUM,0.3484809621942081
traffic_20_10,occupancy_t4013 <-> speed_6005,LOW,0.38508418349566936,occupancy_t4013 <-> speed_t4013,MEDIUM,0.38489964618709405
traffic_20_10,occupancy_t4013 <-> speed_6005,LOW,0.38508418349566936,occupancy_t4013 <-> speed_t4013,MEDIUM,0.3374102938794952
traffic_20_10,occupancy_t4013 <-> speed_6005,LOW,0.38508418349566936,occupancy_6005 <-> speed_6005,MEDIUM,0.32270945119956645
traffic_20_10,occupancy_t4013 <-> speed_6005,LOW,0.38508418349566936,occupancy_6005 <-> occupancy_t4013,MEDIUM,0.3484809621942081
traffic_20_10,occupancy_6005 <-> speed_t4013,LOW,0.44022963827470807,occupancy_t4013 <-> speed_t4013,MEDIUM,0.38489964618709405
traffic_20_10,occupancy_6005 <-> speed_t4013,LOW,0.44022963827470807,occupancy_t4013 <-> speed_t4013,MEDIUM,0.3374102938794952
traffic_20_10,occupancy_6005 <-> speed_t4013,LOW,0.44022963827470807,occupancy_6005 <-> speed_6005,MEDIUM,0.32270945119956645
traffic_20_10,occupancy_6005 <-> speed_t4013,LOW,0.44022963827470807,occupancy_6005 <-> speed_6005,MEDIUM,0.39298443393398524
traffic_20_10,occupancy_6005 <-> speed_t4013,LOW,0.44022963827470807,occupancy_6005 <-> occupancy_t4013,MEDIUM,0.3484809621942081
traffic_20_10,occupancy_t4013 <-> speed_6005,LOW,0.47578308900617416,occupancy_t4013 <-> speed_t4013,MEDIUM,0.46621543512964764
traffic_20_10,occupancy_t4013 <-> speed_6005,LOW,0.47578308900617416,occupancy_6005 <-> speed_t4013,MEDIUM,0.4629828745599599
traffic_20_10,occupancy_t4013 <-> speed_6005,LOW,0.47578308900617416,occupancy_t4013 <-> speed_t4013,MEDIUM,0.38489964618709405
traffic_20_10,occupancy_t4013 <-> speed_6005,LOW,0.47578308900617416,occupancy_t4013 <-> speed_t4013,MEDIUM,0.3374102938794952
traffic_20_10,occupancy_t4013 <-> speed_6005,LOW,0.47578308900617416,occupancy_6005 <-> speed_6005,MEDIUM,0.32270945119956645
traffic_20_10,occupancy_t4013 <-> speed_6005,LOW,0.47578308900617416,occupancy_6005 <-> speed_6005,MEDIUM,0.39298443393398524
traffic_20_10,occupancy_t4013 <-> speed_6005,LOW,0.47578308900617416,occupancy_6005 <-> occupancy_t4013,MEDIUM,0.3484809621942081
traffic_20_10,speed_6005 <-> speed_t4013,LOW,0.4885934531405113,occupancy_t4013 <-> speed_t4013,MEDIUM,0.46621543512964764
traffic_20_10,speed_6005 <-> speed_t4013,LOW,0.4885934531405113,occupancy_6005 <-> speed_t4013,MEDIUM,0.4629828745599599
traffic_20_10,speed_6005 <-> speed_t4013,LOW,0.4885934531405113,occupancy_t4013 <-> speed_t4013,MEDIUM,0.38489964618709405
traffic_20_10,speed_6005 <-> speed_t4013,LOW,0.4885934531405113,occupancy_t4013 <-> speed_t4013,MEDIUM,0.3374102938794952
traffic_20_10,speed_6005 <-> speed_t4013,LOW,0.4885934531405113,occupancy_6005 <-> speed_6005,MEDIUM,0.32270945119956645
traffic_20_10,speed_6005 <-> speed_t4013,LOW,0.4885934531405113,occupancy_6005 <-> speed_6005,MEDIUM,0.39298443393398524
traffic_20_10,speed_6005 <-> speed_t4013,LOW,0.4885934531405113,occupancy_6005 <-> occupancy_t4013,MEDIUM,0.3484809621942081
traffic_20_10,occupancy_t4013 <-> speed_6005,LOW,0.38338955198474917,occupancy_t4013 <-> speed_t4013,MEDIUM,0.3374102938794952
traffic_20_10,occupancy_t4013 <-> speed_6005,LOW,0.38338955198474917,occupancy_6005 <-> speed_6005,MEDIUM,0.32270945119956645
traffic_20_10,occupancy_t4013 <-> speed_6005,LOW,0.38338955198474917,occupancy_6005 <-> occupancy_t4013,MEDIUM,0.3484809621942081
traffic_20_10,speed_6005 <-> speed_t4013,LOW,0.46188113243306755,occupancy_t4013 <-> speed_t4013,MEDIUM,0.38489964618709405
traffic_20_10,speed_6005 <-> speed_t4013,LOW,0.46188113243306755,occupancy_t4013 <-> speed_t4013,MEDIUM,0.3374102938794952
traffic_20_10,speed_6005 <-> speed_t4013,LOW,0.46188113243306755,occupancy_6005 <-> speed_6005,MEDIUM,0.32270945119956645
traffic_20_10,speed_6005 <-> speed_t4013,LOW,0.46188113243306755,occupancy_6005 <-> speed_6005,MEDIUM,0.39298443393398524
traffic_20_10,speed_6005 <-> speed_t4013,LOW,0.46188113243306755,occupancy_6005 <-> occupancy_t4013,MEDIUM,0.3484809621942081
traffic_20_10,occupancy_6005 <-> occupancy_t4013,LOW,0.4041402298304426,occupancy_t4013 <-> speed_t4013,MEDIUM,0.38489964618709405
traffic_20_10,occupancy_6005 <-> occupancy_t4013,LOW,0.4041402298304426,occupancy_t4013 <-> speed_t4013,MEDIUM,0.3374102938794952
traffic_20_10,occupancy_6005 <-> occupancy_t4013,LOW,0.4041402298304426,occupancy_6005 <-> speed_6005,MEDIUM,0.32270945119956645
traffic_20_10,occupancy_6005 <-> occupancy_t4013,LOW,0.4041402298304426,occupancy_6005 <-> speed_6005,MEDIUM,0.39298443393398524
traffic_20_10,occupancy_6005 <-> occupancy_t4013,LOW,0.4041402298304426,occupancy_6005 <-> occupancy_t4013,MEDIUM,0.3484809621942081
traffic_20_10,occupancy_6005 <-> speed_t4013,LOW,0.4318870378545744,occupancy_t4013 <-> speed_t4013,MEDIUM,0.38489964618709405
traffic_20_10,occupancy_6005 <-> speed_t4013,LOW,0.4318870378545744,occupancy_t4013 <-> speed_t4013,MEDIUM,0.3374102938794952
traffic_20_10,occupancy_6005 <-> speed_t4013,LOW,0.4318870378545744,occupancy_6005 <-> speed_6005,MEDIUM,0.32270945119956645
traffic_20_10,occupancy_6005 <-> speed_t4013,LOW,0.4318870378545744,occupancy_6005 <-> speed_6005,MEDIUM,0.39298443393398524
traffic_20_10,occupancy_6005 <-> speed_t4013,LOW,0.4318870378545744,occupancy_6005 <-> occupancy_t4013,MEDIUM,0.3484809621942081
traffic_20_10,occupancy_6005 <-> speed_6005,LOW,0.3340131005779579,occupancy_6005 <-> speed_6005,MEDIUM,0.32270945119956645
traffic_20_10,occupancy_6005 <-> speed_t4013,LOW,0.41233183894041897,occupancy_t4013 <-> speed_t4013,MEDIUM,0.38489964618709405
traffic_20_10,occupancy_6005 <-> speed_t4013,LOW,0.41233183894041897,occupancy_t4013 <-> speed_t4013,MEDIUM,0.3374102938794952
traffic_20_10,occupancy_6005 <-> speed_t4013,LOW,0.41233183894041897,occupancy_6005 <-> speed_6005,MEDIUM,0.32270945119956645
traffic_20_10,occupancy_6005 <-> speed_t4013,LOW,0.41233183894041897,occupancy_6005 <-> speed_6005,MEDIUM,0.39298443393398524
traffic_20_10,occupancy_6005 <-> speed_t4013,LOW,0.41233183894041897,occupancy_6005 <-> occupancy_t4013,MEDIUM,0.3484809621942081
traffic_20_10,occupancy_t4013 <-> speed_6005,LOW,0.4434308281735877,occupancy_t4013 <-> speed_t4013,MEDIUM,0.38489964618709405
traffic_20_10,occupancy_t4013 <-> speed_6005,LOW,0.4434308281735877,occupancy_t4013 <-> speed_t4013,MEDIUM,0.3374102938794952
traffic_20_10,occupancy_t4013 <-> speed_6005,LOW,0.4434308281735877,occupancy_6005 <-> speed_6005,MEDIUM,0.32270945119956645
traffic_20_10,occupancy_t4013 <-> speed_6005,LOW,0.4434308281735877,occupancy_6005 <-> speed_6005,MEDIUM,0.39298443393398524
traffic_20_10,occupancy_t4013 <-> speed_6005,LOW,0.4434308281735877,occupancy_6005 <-> occupancy_t4013,MEDIUM,0.3484809621942081
traffic_20_10,speed_6005 <-> speed_t4013,LOW,0.46330682300613324,occupancy_6005 <-> speed_t4013,MEDIUM,0.4629828745599599
traffic_20_10,speed_6005 <-> speed_t4013,LOW,0.46330682300613324,occupancy_t4013 <-> speed_t4013,MEDIUM,0.38489964618709405
traffic_20_10,speed_6005 <-> speed_t4013,LOW,0.46330682300613324,occupancy_t4013 <-> speed_t4013,MEDIUM,0.3374102938794952
traffic_20_10,speed_6005 <-> speed_t4013,LOW,0.46330682300613324,occupancy_6005 <-> speed_6005,MEDIUM,0.32270945119956645
traffic_20_10,speed_6005 <-> speed_t4013,LOW,0.46330682300613324,occupancy_6005 <-> speed_6005,MEDIUM,0.39298443393398524
traffic_20_10,speed_6005 <-> speed_t4013,LOW,0.46330682300613324,occupancy_6005 <-> occupancy_t4013,MEDIUM,0.3484809621942081
traffic_20_10,speed_6005 <-> speed_t4013,LOW,0.3359804089513503,occupancy_6005 <-> speed_6005,MEDIUM,0.32270945119956645
traffic_20_10,occupancy_6005 <-> speed_t4013,LOW,0.4249512087788956,occupancy_t4013 <-> speed_t4013,MEDIUM,0.38489964618709405
traffic_20_10,occupancy_6005 <-> speed_t4013,LOW,0.4249512087788956,occupancy_t4013 <-> speed_t4013,MEDIUM,0.3374102938794952
traffic_20_10,occupancy_6005 <-> speed_t4013,LOW,0.4249512087788956,occupancy_6005 <-> speed_6005,MEDIUM,0.32270945119956645
traffic_20_10,occupancy_6005 <-> speed_t4013,LOW,0.4249512087788956,occupancy_6005 <-> speed_6005,MEDIUM,0.39298443393398524
traffic_20_10,occupancy_6005 <-> speed_t4013,LOW,0.4249512087788956,occupancy_6005 <-> occupancy_t4013,MEDIUM,0.3484809621942081
traffic_20_10,speed_6005 <-> speed_t4013,LOW,0.34612413835607336,occupancy_t4013 <-> speed_t4013,MEDIUM,0.3374102938794952
traffic_20_10,speed_6005 <-> speed_t4013,LOW,0.34612413835607336,occupancy_6005 <-> speed_6005,MEDIUM,0.32270945119956645
traffic_20_10,occupancy_6005 <-> speed_6005,LOW,0.35757443335389505,occupancy_t4013 <-> speed_t4013,MEDIUM,0.3374102938794952
traffic_20_10,occupancy_6005 <-> speed_6005,LOW,0.35757443335389505,occupancy_6005 <-> speed_6005,MEDIUM,0.32270945119956645
traffic_20_10,occupancy_6005 <-> speed_6005,LOW,0.35757443335389505,occupancy_6005 <-> occupancy_t4013,MEDIUM,0.3484809621942081
traffic_20_10,occupancy_t4013 <-> speed_t4013,LOW,0.3685993279236993,occupancy_t4013 <-> speed_t4013,MEDIUM,0.3374102938794952
traffic_20_10,occupancy_t4013 <-> speed_t4013,LOW,0.3685993279236993,occupancy_6005 <-> speed_6005,MEDIUM,0.32270945119956645
traffic_20_10,occupancy_t4013 <-> speed_t4013,LOW,0.3685993279236993,occupancy_6005 <-> occupancy_t4013,MEDIUM,0.3484809621942081
traffic_20_10,speed_6005 <-> speed_t4013,LOW,0.36890766845548284,occupancy_t4013 <-> speed_t4013,MEDIUM,0.3374102938794952
traffic_20_10,speed_6005 <-> speed_t4013,LOW,0.36890766845548284,occupancy_6005 <-> speed_6005,MEDIUM,0.32270945119956645
traffic_20_10,speed_6005 <-> speed_t4013,LOW,0.36890766845548284,occupancy_6005 <-> occupancy_t4013,MEDIUM,0.3484809621942081
traffic_20_10,occupancy_6005 <-> speed_6005,LOW,0.39796480648503885,occupancy_t4013 <-> speed_t4013,MEDIUM,0.38489964618709405
traffic_20_10,occupancy_6005 <-> speed_6005,LOW,0.39796480648503885,occupancy_t4013 <-> speed_t4013,MEDIUM,0.3374102938794952
traffic_20_10,occupancy_6005 <-> speed_6005,LOW,0.39796480648503885,occupancy_6005 <-> speed_6005,MEDIUM,0.32270945119956645
traffic_20_10,occupancy_6005 <-> speed_6005,LOW,0.39796480648503885,occupancy_6005 <-> speed_6005,MEDIUM,0.39298443393398524
traffic_20_10,occupancy_6005 <-> speed_6005,LOW,0.39796480648503885,occupancy_6005 <-> occupancy_t4013,MEDIUM,0.3484809621942081
traffic_20_10,occupancy_6005 <-> occupancy_t4013,LOW,0.4920113595583931,occupancy_t4013 <-> speed_t4013,MEDIUM,0.46621543512964764
traffic_20_10,occupancy_6005 <-> occupancy_t4013,LOW,0.4920113595583931,occupancy_6005 <-> speed_t4013,MEDIUM,0.4629828745599599
traffic_20_10,occupancy_6005 <-> occupancy_t4013,LOW,0.4920113595583931,occupancy_t4013 <-> speed_t4013,MEDIUM,0.38489964618709405
traffic_20_10,occupancy_6005 <-> occupancy_t4013,LOW,0.4920113595583931,occupancy_t4013 <-> speed_t4013,MEDIUM,0.3374102938794952
traffic_20_10,occupancy_6005 <-> occupancy_t4013,LOW,0.4920113595583931,occupancy_6005 <-> speed_6005,MEDIUM,0.32270945119956645
traffic_20_10,occupancy_6005 <-> occupancy_t4013,LOW,0.4920113595583931,occupancy_6005 <-> speed_6005,MEDIUM,0.39298443393398524
traffic_20_10,occupancy_6005 <-> occupancy_t4013,LOW,0.4920113595583931,occupancy_6005 <-> occupancy_t4013,MEDIUM,0.3484809621942081
traffic_20_10,occupancy_6005 <-> speed_6005,LOW,0.49477669747292374,occupancy_t4013 <-> speed_t4013,MEDIUM,0.46621543512964764
traffic_20_10,occupancy_6005 <-> speed_6005,LOW,0.49477669747292374,occupancy_6005 <-> speed_t4013,MEDIUM,0.4629828745599599
traffic_20_10,occupancy_6005 <-> speed_6005,LOW,0.49477669747292374,occupancy_t4013 <-> speed_t4013,MEDIUM,0.38489964618709405
traffic_20_10,occupancy_6005 <-> speed_6005,LOW,0.49477669747292374,occupancy_t4013 <-> speed_t4013,MEDIUM,0.3374102938794952
traffic_20_10,occupancy_6005 <-> speed_6005,LOW,0.49477669747292374,occupancy_6005 <-> speed_6005,MEDIUM,0.32270945119956645
traffic_20_10,occupancy_6005 <-> speed_6005,LOW,0.49477669747292374,occupancy_6005 <-> speed_6005,MEDIUM,0.39298443393398524
traffic_20_10,occupancy_6005 <-> speed_6005,LOW,0.49477669747292374,occupancy_6005 <-> occupancy_t4013,MEDIUM,0.3484809621942081
traffic_20_10,occupancy_6005 <-> speed_6005,LOW,0.49477669747292374,occupancy_6005 <-> occupancy_t4013,MEDIUM,0.49336833390619683
traffic_20_10,occupancy_6005 <-> occupancy_t4013,LOW,0.43776056579753986,occupancy_t4013 <-> speed_t4013,MEDIUM,0.38489964618709405
traffic_20_10,occupancy_6005 <-> occupancy_t4013,LOW,0.43776056579753986,occupancy_t4013 <-> speed_t4013,MEDIUM,0.3374102938794952
traffic_20_10,occupancy_6005 <-> occupancy_t4013,LOW,0.43776056579753986,occupancy_6005 <-> speed_6005,MEDIUM,0.32270945119956645
traffic_20_10,occupancy_6005 <-> occupancy_t4013,LOW,0.43776056579753986,occupancy_6005 <-> speed_6005,MEDIUM,0.39298443393398524
traffic_20_10,occupancy_6005 <-> occupancy_t4013,LOW,0.43776056579753986,occupancy_6005 <-> occupancy_t4013,MEDIUM,0.3484809621942081
traffic_20_10,speed_6005 <-> speed_t4013,LOW,0.43199826072373054,occupancy_t4013 <-> speed_t4013,MEDIUM,0.38489964618709405
traffic_20_10,speed_6005 <-> speed_t4013,LOW,0.43199826072373054,occupancy_t4013 <-> speed_t4013,MEDIUM,0.3374102938794952
traffic_20_10,speed_6005 <-> speed_t4013,LOW,0.43199826072373054,occupancy_6005 <-> speed_6005,MEDIUM,0.32270945119956645
traffic_20_10,speed_6005 <-> speed_t4013,LOW,0.43199826072373054,occupancy_6005 <-> speed_6005,MEDIUM,0.39298443393398524
traffic_20_10,speed_6005 <-> speed_t4013,LOW,0.43199826072373054,occupancy_6005 <-> occupancy_t4013,MEDIUM,0.3484809621942081
traffic_20_10,occupancy_6005 <-> speed_t4013,LOW,0.4191062048144686,occupancy_t4013 <-> speed_t4013,MEDIUM,0.38489964618709405
traffic_20_10,occupancy_6005 <-> speed_t4013,LOW,0.4191062048144686,occupancy_t4013 <-> speed_t4013,MEDIUM,0.3374102938794952
traffic_20_10,occupancy_6005 <-> speed_t4013,LOW,0.4191062048144686,occupancy_6005 <-> speed_6005,MEDIUM,0.32270945119956645
traffic_20_10,occupancy_6005 <-> speed_t4013,LOW,0.4191062048144686,occupancy_6005 <-> speed_6005,MEDIUM,0.39298443393398524
traffic_20_10,occupancy_6005 <-> speed_t4013,LOW,0.4191062048144686,occupancy_6005 <-> occupancy_t4013,MEDIUM,0.3484809621942081
traffic_20_10,occupancy_6005 <-> speed_6005,LOW,0.4655419400323718,occupancy_6005 <-> speed_t4013,MEDIUM,0.4629828745599599
traffic_20_10,occupancy_6005 <-> speed_6005,LOW,0.4655419400323718,occupancy_t4013 <-> speed_t4013,MEDIUM,0.38489964618709405
traffic_20_10,occupancy_6005 <-> speed_6005,LOW,0.4655419400323718,occupancy_t4013 <-> speed_t4013,MEDIUM,0.3374102938794952
traffic_20_10,occupancy_6005 <-> speed_6005,LOW,0.4655419400323718,occupancy_6005 <-> speed_6005,MEDIUM,0.32270945119956645
traffic_20_10,occupancy_6005 <-> speed_6005,LOW,0.4655419400323718,occupancy_6005 <-> speed_6005,MEDIUM,0.39298443393398524
traffic_20_10,occupancy_6005 <-> speed_6005,LOW,0.4655419400323718,occupancy_6005 <-> occupancy_t4013,MEDIUM,0.3484809621942081
traffic_20_10,occupancy_6005 <-> occupancy_t4013,LOW,0.3698721853480358,occupancy_t4013 <-> speed_t4013,MEDIUM,0.3374102938794952
traffic_20_10,occupancy_6005 <-> occupancy_t4013,LOW,0.3698721853480358,occupancy_6005 <-> speed_6005,MEDIUM,0.32270945119956645
traffic_20_10,occupancy_6005 <-> occupancy_t4013,LOW,0.3698721853480358,occupancy_6005 <-> occupancy_t4013,MEDIUM,0.3484809621942081
traffic_20_10,occupancy_t4013 <-> speed_6005,LOW,0.33761607200194466,occupancy_t4013 <-> speed_t4013,MEDIUM,0.3374102938794952
traffic_20_10,occupancy_t4013 <-> speed_6005,LOW,0.33761607200194466,occupancy_6005 <-> speed_6005,MEDIUM,0.32270945119956645
traffic_20_10,occupancy_6005 <-> speed_t4013,LOW,0.33220046615792737,occupancy_6005 <-> speed_6005,MEDIUM,0.32270945119956645
traffic_20_10,speed_6005 <-> speed_t4013,LOW,0.3306579595699874,occupancy_6005 <-> speed_6005,MEDIUM,0.32270945119956645
traffic_20_10,occupancy_6005 <-> occupancy_t4013,LOW,0.4983040478756664,occupancy_t4013 <-> speed_t4013,MEDIUM,0.46621543512964764
traffic_20_10,occupancy_6005 <-> occupancy_t4013,LOW,0.4983040478756664,occupancy_6005 <-> speed_t4013,MEDIUM,0.4629828745599599
traffic_20_10,occupancy_6005 <-> occupancy_t4013,LOW,0.4983040478756664,occupancy_t4013 <-> speed_t4013,MEDIUM,0.38489964618709405
traffic_20_10,occupancy_6005 <-> occupancy_t4013,LOW,0.4983040478756664,occupancy_t4013 <-> speed_t4013,MEDIUM,0.3374102938794952
traffic_20_10,occupancy_6005 <-> occupancy_t4013,LOW,0.4983040478756664,occupancy_6005 <-> speed_6005,MEDIUM,0.32270945119956645
traffic_20_10,occupancy_6005 <-> occupancy_t4013,LOW,0.4983040478756664,occupancy_6005 <-> speed_6005,MEDIUM,0.39298443393398524
traffic_20_10,occupancy_6005 <-> occupancy_t4013,LOW,0.4983040478756664,occupancy_6005 <-> occupancy_t4013,MEDIUM,0.3484809621942081
traffic_20_10,occupancy_6005 <-> occupancy_t4013,LOW,0.4983040478756664,occupancy_6005 <-> occupancy_t4013,MEDIUM,0.49336833390619683
traffic_20_10,occupancy_6005 <-> speed_6005,LOW,0.4281229012378117,occupancy_t4013 <-> speed_t4013,MEDIUM,0.38489964618709405
traffic_20_10,occupancy_6005 <-> speed_6005,LOW,0.4281229012378117,occupancy_t4013 <-> speed_t4013,MEDIUM,0.3374102938794952
traffic_20_10,occupancy_6005 <-> speed_6005,LOW,0.4281229012378117,occupancy_6005 <-> speed_6005,MEDIUM,0.32270945119956645
traffic_20_10,occupancy_6005 <-> speed_6005,LOW,0.4281229012378117,occupancy_6005 <-> speed_6005,MEDIUM,0.39298443393398524
traffic_20_10,occupancy_6005 <-> speed_6005,LOW,0.4281229012378117,occupancy_6005 <-> occupancy_t4013,MEDIUM,0.3484809621942081
traffic_20_10,occupancy_t4013 <-> speed_t4013,LOW,0.33447662741705597,occupancy_6005 <-> speed_6005,MEDIUM,0.32270945119956645
traffic_20_10,occupancy_6005 <-> speed_t4013,LOW,0.40341900468883224,occupancy_t4013 <-> speed_t4013,MEDIUM,0.38489964618709405
traffic_20_10,occupancy_6005 <-> speed_t4013,LOW,0.40341900468883224,occupancy_t4013 <-> speed_t4013,MEDIUM,0.3374102938794952
traffic_20_10,occupancy_6005 <-> speed_t4013,LOW,0.40341900468883224,occupancy_6005 <-> speed_6005,MEDIUM,0.32270945119956645
traffic_20_10,occupancy_6005 <-> speed_t4013,LOW,0.40341900468883224,occupancy_6005 <-> speed_6005,MEDIUM,0.39298443393398524
traffic_20_10,occupancy_6005 <-> speed_t4013,LOW,0.40341900468883224,occupancy_6005 <-> occupancy_t4013,MEDIUM,0.3484809621942081
traffic_20_10,occupancy_t4013 <-> speed_t4013,LOW,0.4713612292500321,occupancy_t4013 <-> speed_t4013,MEDIUM,0.46621543512964764
traffic_20_10,occupancy_t4013 <-> speed_t4013,LOW,0.4713612292500321,occupancy_6005 <-> speed_t4013,MEDIUM,0.4629828745599599
traffic_20_10,occupancy_t4013 <-> speed_t4013,LOW,0.4713612292500321,occupancy_t4013 <-> speed_t4013,MEDIUM,0.38489964618709405
traffic_20_10,occupancy_t4013 <-> speed_t4013,LOW,0.4713612292500321,occupancy_t4013 <-> speed_t4013,MEDIUM,0.3374102938794952
traffic_20_10,occupancy_t4013 <-> speed_t4013,LOW,0.4713612292500321,occupancy_6005 <-> speed_6005,MEDIUM,0.32270945119956645
traffic_20_10,occupancy_t4013 <-> speed_t4013,LOW,0.4713612292500321,occupancy_6005 <-> speed_6005,MEDIUM,0.39298443393398524
traffic_20_10,occupancy_t4013 <-> speed_t4013,LOW,0.4713612292500321,occupancy_6005 <-> occupancy_t4013,MEDIUM,0.3484809621942081
traffic_20_10,occupancy_6005 <-> speed_6005,LOW,0.3592592433896471,occupancy_t4013 <-> speed_t4013,MEDIUM,0.3374102938794952
traffic_20_10,occupancy_6005 <-> speed_6005,LOW,0.3592592433896471,occupancy_6005 <-> speed_6005,MEDIUM,0.32270945119956645
traffic_20_10,occupancy_6005 <-> speed_6005,LOW,0.3592592433896471,occupancy_6005 <-> occupancy_t4013,MEDIUM,0.3484809621942081
traffic_20_10,occupancy_t4013 <-> speed_t4013,LOW,0.35720278707410796,occupancy_t4013 <-> speed_t4013,MEDIUM,0.3374102938794952
traffic_20_10,occupancy_t4013 <-> speed_t4013,LOW,0.35720278707410796,occupancy_6005 <-> speed_6005,MEDIUM,0.32270945119956645
traffic_20_10,occupancy_t4013 <-> speed_t4013,LOW,0.35720278707410796,occupancy_6005 <-> occupancy_t4013,MEDIUM,0.3484809621942081
traffic_20_10,occupancy_6005 <-> speed_6005,LOW,0.49130653945270625,occupancy_t4013 <-> speed_t4013,MEDIUM,0.46621543512964764
traffic_20_10,occupancy_6005 <-> speed_6005,LOW,0.49130653945270625,occupancy_6005 <-> speed_t4013,MEDIUM,0.4629828745599599
traffic_20_10,occupancy_6005 <-> speed_6005,LOW,0.49130653945270625,occupancy_t4013 <-> speed_t4013,MEDIUM,0.38489964618709405
traffic_20_10,occupancy_6005 <-> speed_6005,LOW,0.49130653945270625,occupancy_t4013 <-> speed_t4013,MEDIUM,0.3374102938794952
traffic_20_10,occupancy_6005 <-> speed_6005,LOW,0.49130653945270625,occupancy_6005 <-> speed_6005,MEDIUM,0.32270945119956645
traffic_20_10,occupancy_6005 <-> speed_6005,LOW,0.49130653945270625,occupancy_6005 <-> speed_6005,MEDIUM,0.39298443393398524
traffic_20_10,occupancy_6005 <-> speed_6005,LOW,0.49130653945270625,occupancy_6005 <-> occupancy_t4013,MEDIUM,0.3484809621942081
traffic_20_10,occupancy_t4013 <-> speed_6005,LOW,0.3627544897670569,occupancy_t4013 <-> speed_t4013,MEDIUM,0.3374102938794952
traffic_20_10,occupancy_t4013 <-> speed_6005,LOW,0.3627544897670569,occupancy_6005 <-> speed_6005,MEDIUM,0.32270945119956645
traffic_20_10,occupancy_t4013 <-> speed_6005,LOW,0.3627544897670569,occupancy_6005 <-> occupancy_t4013,MEDIUM,0.3484809621942081
traffic_20_10,occupancy_6005 <-> occupancy_t4013,LOW,0.4343987128850046,occupancy_t4013 <-> speed_t4013,MEDIUM,0.38489964618709405
traffic_20_10,occupancy_6005 <-> occupancy_t4013,LOW,0.4343987128850046,occupancy_t4013 <-> speed_t4013,MEDIUM,0.3374102938794952
traffic_20_10,occupancy_6005 <-> occupancy_t4013,LOW,0.4343987128850046,occupancy_6005 <-> speed_6005,MEDIUM,0.32270945119956645
traffic_20_10,occupancy_6005 <-> occupancy_t4013,LOW,0.4343987128850046,occupancy_6005 <-> speed_6005,MEDIUM,0.39298443393398524
traffic_20_10,occupancy_6005 <-> occupancy_t4013,LOW,0.4343987128850046,occupancy_6005 <-> occupancy_t4013,MEDIUM,0.3484809621942081
traffic_20_10,occupancy_t4013 <-> speed_6005,LOW,0.3429258940488502,occupancy_t4013 <-> speed_t4013,MEDIUM,0.3374102938794952
traffic_20_10,occupancy_t4013 <-> speed_6005,LOW,0.3429258940488502,occupancy_6005 <-> speed_6005,MEDIUM,0.32270945119956645
traffic_20_10,occupancy_6005 <-> occupancy_t4013,LOW,0.46155859403501,occupancy_t4013 <-> speed_t4013,MEDIUM,0.38489964618709405
traffic_20_10,occupancy_6005 <-> occupancy_t4013,LOW,0.46155859403501,occupancy_t4013 <-> speed_t4013,MEDIUM,0.3374102938794952
traffic_20_10,occupancy_6005 <-> occupancy_t4013,LOW,0.46155859403501,occupancy_6005 <-> speed_6005,MEDIUM,0.32270945119956645
traffic_20_10,occupancy_6005 <-> occupancy_t4013,LOW,0.46155859403501,occupancy_6005 <-> speed_6005,MEDIUM,0.39298443393398524
traffic_20_10,occupancy_6005 <-> occupancy_t4013,LOW,0.46155859403501,occupancy_6005 <-> occupancy_t4013,MEDIUM,0.3484809621942081
traffic_20_10,speed_6005 <-> speed_t4013,LOW,0.4536514947388589,occupancy_t4013 <-> speed_t4013,MEDIUM,0.38489964618709405
traffic_20_10,speed_6005 <-> speed_t4013,LOW,0.4536514947388589,occupancy_t4013 <-> speed_t4013,MEDIUM,0.3374102938794952
traffic_20_10,speed_6005 <-> speed_t4013,LOW,0.4536514947388589,occupancy_6005 <-> speed_6005,MEDIUM,0.32270945119956645
traffic_20_10,speed_6005 <-> speed_t4013,LOW,0.4536514947388589,occupancy_6005 <-> speed_6005,MEDIUM,0.39298443393398524
traffic_20_10,speed_6005 <-> speed_t4013,LOW,0.4536514947388589,occupancy_6005 <-> occupancy_t4013,MEDIUM,0.3484809621942081
traffic_20_10,occupancy_6005 <-> speed_t4013,LOW,0.326993253922396,occupancy_6005 <-> speed_6005,MEDIUM,0.32270945119956645
traffic_20_10,occupancy_t4013 <-> speed_6005,LOW,0.33285571018887705,occupancy_6005 <-> speed_6005,MEDIUM,0.32270945119956645
traffic_20_10,occupancy_6005 <-> speed_6005,LOW,0.38493917250996856,occupancy_t4013 <-> speed_t4013,MEDIUM,0.38489964618709405
traffic_20_10,occupancy_6005 <-> speed_6005,LOW,0.38493917250996856,occupancy_t4013 <-> speed_t4013,MEDIUM,0.3374102938794952
traffic_20_10,occupancy_6005 <-> speed_6005,LOW,0.38493917250996856,occupancy_6005 <-> speed_6005,MEDIUM,0.32270945119956645
traffic_20_10,occupancy_6005 <-> speed_6005,LOW,0.38493917250996856,occupancy_6005 <-> occupancy_t4013,MEDIUM,0.3484809621942081
traffic_20_10,occupancy_6005 <-> speed_t4013,LOW,0.3538407787913027,occupancy_t4013 <-> speed_t4013,MEDIUM,0.3374102938794952
traffic_20_10,occupancy_6005 <-> speed_t4013,LOW,0.3538407787913027,occupancy_6005 <-> speed_6005,MEDIUM,0.32270945119956645
traffic_20_10,occupancy_6005 <-> speed_t4013,LOW,0.3538407787913027,occupancy_6005 <-> occupancy_t4013,MEDIUM,0.3484809621942081
traffic_20_10,occupancy_6005 <-> occupancy_t4013,LOW,0.3990273902329259,occupancy_t4013 <-> speed_t4013,MEDIUM,0.38489964618709405
traffic_20_10,occupancy_6005 <-> occupancy_t4013,LOW,0.3990273902329259,occupancy_t4013 <-> speed_t4013,MEDIUM,0.3374102938794952
traffic_20_10,occupancy_6005 <-> occupancy_t4013,LOW,0.3990273902329259,occupancy_6005 <-> speed_6005,MEDIUM,0.32270945119956645
traffic_20_10,occupancy_6005 <-> occupancy_t4013,LOW,0.3990273902329259,occupancy_6005 <-> speed_6005,MEDIUM,0.39298443393398524
traffic_20_10,occupancy_6005 <-> occupancy_t4013,LOW,0.3990273902329259,occupancy_6005 <-> occupancy_t4013,MEDIUM,0.3484809621942081
traffic_20_10,occupancy_6005 <-> speed_t4013,LOW,0.41239213599005237,occupancy_t4013 <-> speed_t4013,MEDIUM,0.38489964618709405
traffic_20_10,occupancy_6005 <-> speed_t4013,LOW,0.41239213599005237,occupancy_t4013 <-> speed_t4013,MEDIUM,0.3374102938794952
traffic_20_10,occupancy_6005 <-> speed_t4013,LOW,0.41239213599005237,occupancy_6005 <-> speed_6005,MEDIUM,0.32270945119956645
traffic_20_10,occupancy_6005 <-> speed_t4013,LOW,0.41239213599005237,occupancy_6005 <-> speed_6005,MEDIUM,0.39298443393398524
traffic_20_10,occupancy_6005 <-> speed_t4013,LOW,0.41239213599005237,occupancy_6005 <-> occupancy_t4013,MEDIUM,0.3484809621942081
traffic_20_10,occupancy_6005 <-> speed_6005,LOW,0.4482729924253649,occupancy_t4013 <-> speed_t4013,MEDIUM,0.38489964618709405
traffic_20_10,occupancy_6005 <-> speed_6005,LOW,0.4482729924253649,occupancy_t4013 <-> speed_t4013,MEDIUM,0.3374102938794952
traffic_20_10,occupancy_6005 <-> speed_6005,LOW,0.4482729924253649,occupancy_6005 <-> speed_6005,MEDIUM,0.32270945119956645
traffic_20_10,occupancy_6005 <-> speed_6005,LOW,0.4482729924253649,occupancy_6005 <-> speed_6005,MEDIUM,0.39298443393398524
traffic_20_10,occupancy_6005 <-> speed_6005,LOW,0.4482729924253649,occupancy_6005 <-> occupancy_t4013,MEDIUM,0.3484809621942081
traffic_20_10,occupancy_t4013 <-> speed_6005,LOW,0.48578082436818026,occupancy_t4013 <-> speed_t4013,MEDIUM,0.46621543512964764
traffic_20_10,occupancy_t4013 <-> speed_6005,LOW,0.48578082436818026,occupancy_6005 <-> speed_t4013,MEDIUM,0.4629828745599599
traffic_20_10,occupancy_t4013 <-> speed_6005,LOW,0.48578082436818026,occupancy_t4013 <-> speed_t4013,MEDIUM,0.38489964618709405
traffic_20_10,occupancy_t4013 <-> speed_6005,LOW,0.48578082436818026,occupancy_t4013 <-> speed_t4013,MEDIUM,0.3374102938794952
traffic_20_10,occupancy_t4013 <-> speed_6005,LOW,0.48578082436818026,occupancy_6005 <-> speed_6005,MEDIUM,0.32270945119956645
traffic_20_10,occupancy_t4013 <-> speed_6005,LOW,0.48578082436818026,occupancy_6005 <-> speed_6005,MEDIUM,0.39298443393398524
traffic_20_10,occupancy_t4013 <-> speed_6005,LOW,0.48578082436818026,occupancy_6005 <-> occupancy_t4013,MEDIUM,0.3484809621942081
traffic_20_10,occupancy_t4013 <-> speed_6005,LOW,0.3308617975835724,occupancy_6005 <-> speed_6005,MEDIUM,0.32270945119956645
traffic_20_10,occupancy_6005 <-> occupancy_t4013,LOW,0.3413716586888648,occupancy_t4013 <-> speed_t4013,MEDIUM,0.3374102938794952
traffic_20_10,occupancy_6005 <-> occupancy_t4013,LOW,0.3413716586888648,occupancy_6005 <-> speed_6005,MEDIUM,0.32270945119956645
traffic_20_10,occupancy_6005 <-> occupancy_t4013,LOW,0.4956995786793956,occupancy_t4013 <-> speed_t4013,MEDIUM,0.46621543512964764
traffic_20_10,occupancy_6005 <-> occupancy_t4013,LOW,0.4956995786793956,occupancy_6005 <-> speed_t4013,MEDIUM,0.4629828745599599
traffic_20_10,occupancy_6005 <-> occupancy_t4013,LOW,0.4956995786793956,occupancy_t4013 <-> speed_t4013,MEDIUM,0.38489964618709405
traffic_20_10,occupancy_6005 <-> occupancy_t4013,LOW,0.4956995786793956,occupancy_t4013 <-> speed_t4013,MEDIUM,0.3374102938794952
traffic_20_10,occupancy_6005 <-> occupancy_t4013,LOW,0.4956995786793956,occupancy_6005 <-> speed_6005,MEDIUM,0.32270945119956645
traffic_20_10,occupancy_6005 <-> occupancy_t4013,LOW,0.4956995786793956,occupancy_6005 <-> speed_6005,MEDIUM,0.39298443393398524
traffic_20_10,occupancy_6005 <-> occupancy_t4013,LOW,0.4956995786793956,occupancy_6005 <-> occupancy_t4013,MEDIUM,0.3484809621942081
traffic_20_10,occupancy_6005 <-> occupancy_t4013,LOW,0.4956995786793956,occupancy_6005 <-> occupancy_t4013,MEDIUM,0.49336833390619683
traffic_20_10,speed_6005 <-> speed_t4013,LOW,0.39451801067834813,occupancy_t4013 <-> speed_t4013,MEDIUM,0.38489964618709405
traffic_20_10,speed_6005 <-> speed_t4013,LOW,0.39451801067834813,occupancy_t4013 <-> speed_t4013,MEDIUM,0.3374102938794952
traffic_20_10,speed_6005 <-> speed_t4013,LOW,0.39451801067834813,occupancy_6005 <-> speed_6005,MEDIUM,0.32270945119956645
traffic_20_10,speed_6005 <-> speed_t4013,LOW,0.39451801067834813,occupancy_6005 <-> speed_6005,MEDIUM,0.39298443393398524
traffic_20_10,speed_6005 <-> speed_t4013,LOW,0.39451801067834813,occupancy_6005 <-> occupancy_t4013,MEDIUM,0.3484809621942081
traffic_20_10,occupancy_6005 <-> occupancy_t4013,LOW,0.36128944237087735,occupancy_t4013 <-> speed_t4013,MEDIUM,0.3374102938794952
traffic_20_10,occupancy_6005 <-> occupancy_t4013,LOW,0.36128944237087735,occupancy_6005 <-> speed_6005,MEDIUM,0.32270945119956645
traffic_20_10,occupancy_6005 <-> occupancy_t4013,LOW,0.36128944237087735,occupancy_6005 <-> occupancy_t4013,MEDIUM,0.3484809621942081
traffic_20_10,occupancy_t4013 <-> speed_t4013,LOW,0.45204698971812085,occupancy_t4013 <-> speed_t4013,MEDIUM,0.38489964618709405
traffic_20_10,occupancy_t4013 <-> speed_t4013,LOW,0.45204698971812085,occupancy_t4013 <-> speed_t4013,MEDIUM,0.3374102938794952
traffic_20_10,occupancy_t4013 <-> speed_t4013,LOW,0.45204698971812085,occupancy_6005 <-> speed_6005,MEDIUM,0.32270945119956645
traffic_20_10,occupancy_t4013 <-> speed_t4013,LOW,0.45204698971812085,occupancy_6005 <-> speed_6005,MEDIUM,0.39298443393398524
traffic_20_10,occupancy_t4013 <-> speed_t4013,LOW,0.45204698971812085,occupancy_6005 <-> occupancy_t4013,MEDIUM,0.3484809621942081
traffic_20_10,occupancy_6005 <-> occupancy_t4013,LOW,0.45129795706278747,occupancy_t4013 <-> speed_t4013,MEDIUM,0.38489964618709405
traffic_20_10,occupancy_6005 <-> occupancy_t4013,LOW,0.45129795706278747,occupancy_t4013 <-> speed_t4013,MEDIUM,0.3374102938794952
traffic_20_10,occupancy_6005 <-> occupancy_t4013,LOW,0.45129795706278747,occupancy_6005 <-> speed_6005,MEDIUM,0.32270945119956645
traffic_20_10,occupancy_6005 <-> occupancy_t4013,LOW,0.45129795706278747,occupancy_6005 <-> speed_6005,MEDIUM,0.39298443393398524
traffic_20_10,occupancy_6005 <-> occupancy_t4013,LOW,0.45129795706278747,occupancy_6005 <-> occupancy_t4013,MEDIUM,0.3484809621942081
traffic_20_10,occupancy_t4013 <-> speed_6005,LOW,0.36182214918299016,occupancy_t4013 <-> speed_t4013,MEDIUM,0.3374102938794952
traffic_20_10,occupancy_t4013 <-> speed_6005,LOW,0.36182214918299016,occupancy_6005 <-> speed_6005,MEDIUM,0.32270945119956645
traffic_20_10,occupancy_t4013 <-> speed_6005,LOW,0.36182214918299016,occupancy_6005 <-> occupancy_t4013,MEDIUM,0.3484809621942081
traffic_20_10,occupancy_6005 <-> speed_6005,LOW,0.49260936583550974,occupancy_t4013 <-> speed_t4013,MEDIUM,0.46621543512964764
traffic_20_10,occupancy_6005 <-> speed_6005,LOW,0.49260936583550974,occupancy_6005 <-> speed_t4013,MEDIUM,0.4629828745599599
traffic_20_10,occupancy_6005 <-> speed_6005,LOW,0.49260936583550974,occupancy_t4013 <-> speed_t4013,MEDIUM,0.38489964618709405
traffic_20_10,occupancy_6005 <-> speed_6005,LOW,0.49260936583550974,occupancy_t4013 <-> speed_t4013,MEDIUM,0.3374102938794952
traffic_20_10,occupancy_6005 <-> speed_6005,LOW,0.49260936583550974,occupancy_6005 <-> speed_6005,MEDIUM,0.32270945119956645
traffic_20_10,occupancy_6005 <-> speed_6005,LOW,0.49260936583550974,occupancy_6005 <-> speed_6005,MEDIUM,0.39298443393398524
traffic_20_10,occupancy_6005 <-> speed_6005,LOW,0.49260936583550974,occupancy_6005 <-> occupancy_t4013,MEDIUM,0.3484809621942081
traffic_20_10,occupancy_t4013 <-> speed_6005,LOW,0.34015877141113215,occupancy_t4013 <-> speed_t4013,MEDIUM,0.3374102938794952
traffic_20_10,occupancy_t4013 <-> speed_6005,LOW,0.34015877141113215,occupancy_6005 <-> speed_6005,MEDIUM,0.32270945119956645
traffic_20_10,occupancy_6005 <-> speed_t4013,LOW,0.3504285875055489,occupancy_t4013 <-> speed_t4013,MEDIUM,0.3374102938794952
traffic_20_10,occupancy_6005 <-> speed_t4013,LOW,0.3504285875055489,occupancy_6005 <-> speed_6005,MEDIUM,0.32270945119956645
traffic_20_10,occupancy_6005 <-> speed_t4013,LOW,0.3504285875055489,occupancy_6005 <-> occupancy_t4013,MEDIUM,0.3484809621942081
traffic_20_10,occupancy_6005 <-> speed_6005,LOW,0.4441663684166814,occupancy_t4013 <-> speed_t4013,MEDIUM,0.38489964618709405
traffic_20_10,occupancy_6005 <-> speed_6005,LOW,0.4441663684166814,occupancy_t4013 <-> speed_t4013,MEDIUM,0.3374102938794952
traffic_20_10,occupancy_6005 <-> speed_6005,LOW,0.4441663684166814,occupancy_6005 <-> speed_6005,MEDIUM,0.32270945119956645
traffic_20_10,occupancy_6005 <-> speed_6005,LOW,0.4441663684166814,occupancy_6005 <-> speed_6005,MEDIUM,0.39298443393398524
traffic_20_10,occupancy_6005 <-> speed_6005,LOW,0.4441663684166814,occupancy_6005 <-> occupancy_t4013,MEDIUM,0.3484809621942081
traffic_20_10,occupancy_t4013 <-> speed_t4013,LOW,0.3940287601406565,occupancy_t4013 <-> speed_t4013,MEDIUM,0.38489964618709405
traffic_20_10,occupancy_t4013 <-> speed_t4013,LOW,0.3940287601406565,occupancy_t4013 <-> speed_t4013,MEDIUM,0.3374102938794952
traffic_20_10,occupancy_t4013 <-> speed_t4013,LOW,0.3940287601406565,occupancy_6005 <-> speed_6005,MEDIUM,0.32270945119956645
traffic_20_10,occupancy_t4013 <-> speed_t4013,LOW,0.3940287601406565,occupancy_6005 <-> speed_6005,MEDIUM,0.39298443393398524
traffic_20_10,occupancy_t4013 <-> speed_t4013,LOW,0.3940287601406565,occupancy_6005 <-> occupancy_t4013,MEDIUM,0.3484809621942081
traffic_20_10,occupancy_t4013 <-> speed_6005,LOW,0.4937547643566442,occupancy_t4013 <-> speed_t4013,MEDIUM,0.46621543512964764
traffic_20_10,occupancy_t4013 <-> speed_6005,LOW,0.4937547643566442,occupancy_6005 <-> speed_t4013,MEDIUM,0.4629828745599599
traffic_20_10,occupancy_t4013 <-> speed_6005,LOW,0.4937547643566442,occupancy_t4013 <-> speed_t4013,MEDIUM,0.38489964618709405
traffic_20_10,occupancy_t4013 <-> speed_6005,LOW,0.4937547643566442,occupancy_t4013 <-> speed_t4013,MEDIUM,0.3374102938794952
traffic_20_10,occupancy_t4013 <-> speed_6005,LOW,0.4937547643566442,occupancy_6005 <-> speed_6005,MEDIUM,0.32270945119956645
traffic_20_10,occupancy_t4013 <-> speed_6005,LOW,0.4937547643566442,occupancy_6005 <-> speed_6005,MEDIUM,0.39298443393398524
traffic_20_10,occupancy_t4013 <-> speed_6005,LOW,0.4937547643566442,occupancy_6005 <-> occupancy_t4013,MEDIUM,0.3484809621942081
traffic_20_10,occupancy_t4013 <-> speed_6005,LOW,0.4937547643566442,occupancy_6005 <-> occupancy_t4013,MEDIUM,0.49336833390619683
traffic_20_10,occupancy_6005 <-> speed_6005,LOW,0.48861170410662,occupancy_t4013 <-> speed_t4013,MEDIUM,0.46621543512964764
traffic_20_10,occupancy_6005 <-> speed_6005,LOW,0.48861170410662,occupancy_6005 <-> speed_t4013,MEDIUM,0.4629828745599599
traffic_20_10,occupancy_6005 <-> speed_6005,LOW,0.48861170410662,occupancy_t4013 <-> speed_t4013,MEDIUM,0.38489964618709405
traffic_20_10,occupancy_6005 <-> speed_6005,LOW,0.48861170410662,occupancy_t4013 <-> speed_t4013,MEDIUM,0.3374102938794952
traffic_20_10,occupancy_6005 <-> speed_6005,LOW,0.48861170410662,occupancy_6005 <-> speed_6005,MEDIUM,0.32270945119956645
traffic_20_10,occupancy_6005 <-> speed_6005,LOW,0.48861170410662,occupancy_6005 <-> speed_6005,MEDIUM,0.39298443393398524
traffic_20_10,occupancy_6005 <-> speed_6005,LOW,0.48861170410662,occupancy_6005 <-> occupancy_t4013,MEDIUM,0.3484809621942081
traffic_20_10,occupancy_t4013 <-> speed_t4013,LOW,0.3279730138492555,occupancy_6005 <-> speed_6005,MEDIUM,0.32270945119956645
traffic_20_10,occupancy_t4013 <-> speed_6005,LOW,0.4287160118236512,occupancy_t4013 <-> speed_t4013,MEDIUM,0.38489964618709405
traffic_20_10,occupancy_t4013 <-> speed_6005,LOW,0.4287160118236512,occupancy_t4013 <-> speed_t4013,MEDIUM,0.3374102938794952
traffic_20_10,occupancy_t4013 <-> speed_6005,LOW,0.4287160118236512,occupancy_6005 <-> speed_6005,MEDIUM,0.32270945119956645
traffic_20_10,occupancy_t4013 <-> speed_6005,LOW,0.4287160118236512,occupancy_6005 <-> speed_6005,MEDIUM,0.39298443393398524
traffic_20_10,occupancy_t4013 <-> speed_6005,LOW,0.4287160118236512,occupancy_6005 <-> occupancy_t4013,MEDIUM,0.3484809621942081
traffic_20_10,occupancy_6005 <-> speed_t4013,LOW,0.38136642451757885,occupancy_t4013 <-> speed_t4013,MEDIUM,0.3374102938794952
traffic_20_10,occupancy_6005 <-> speed_t4013,LOW,0.38136642451757885,occupancy_6005 <-> speed_6005,MEDIUM,0.32270945119956645
traffic_20_10,occupancy_6005 <-> speed_t4013,LOW,0.38136642451757885,occupancy_6005 <-> occupancy_t4013,MEDIUM,0.3484809621942081
traffic_20_10,speed_6005 <-> speed_t4013,LOW,0.36962978511514333,occupancy_t4013 <-> speed_t4013,MEDIUM,0.3374102938794952
traffic_20_10,speed_6005 <-> speed_t4013,LOW,0.36962978511514333,occupancy_6005 <-> speed_6005,MEDIUM,0.32270945119956645
traffic_20_10,speed_6005 <-> speed_t4013,LOW,0.36962978511514333,occupancy_6005 <-> occupancy_t4013,MEDIUM,0.3484809621942081
traffic_20_10,occupancy_t4013 <-> speed_6005,LOW,0.3282433358812749,occupancy_6005 <-> speed_6005,MEDIUM,0.32270945119956645
traffic_20_10,occupancy_6005 <-> speed_t4013,LOW,0.34600087157967463,occupancy_t4013 <-> speed_t4013,MEDIUM,0.3374102938794952
traffic_20_10,occupancy_6005 <-> speed_t4013,LOW,0.34600087157967463,occupancy_6005 <-> speed_6005,MEDIUM,0.32270945119956645
traffic_20_10,speed_6005 <-> speed_t4013,LOW,0.479390043907345,occupancy_t4013 <-> speed_t4013,MEDIUM,0.46621543512964764
traffic_20_10,speed_6005 <-> speed_t4013,LOW,0.479390043907345,occupancy_6005 <-> speed_t4013,MEDIUM,0.4629828745599599
traffic_20_10,speed_6005 <-> speed_t4013,LOW,0.479390043907345,occupancy_t4013 <-> speed_t4013,MEDIUM,0.38489964618709405
traffic_20_10,speed_6005 <-> speed_t4013,LOW,0.479390043907345,occupancy_t4013 <-> speed_t4013,MEDIUM,0.3374102938794952
traffic_20_10,speed_6005 <-> speed_t4013,LOW,0.479390043907345,occupancy_6005 <-> speed_6005,MEDIUM,0.32270945119956645
traffic_20_10,speed_6005 <-> speed_t4013,LOW,0.479390043907345,occupancy_6005 <-> speed_6005,MEDIUM,0.39298443393398524
traffic_20_10,speed_6005 <-> speed_t4013,LOW,0.479390043907345,occupancy_6005 <-> occupancy_t4013,MEDIUM,0.3484809621942081
traffic_20_10,occupancy_6005 <-> speed_t4013,LOW,0.34121558570177046,occupancy_t4013 <-> speed_t4013,MEDIUM,0.3374102938794952
traffic_20_10,occupancy_6005 <-> speed_t4013,LOW,0.34121558570177046,occupancy_6005 <-> speed_6005,MEDIUM,0.32270945119956645
traffic_20_10,occupancy_6005 <-> speed_6005,LOW,0.3660754724907168,occupancy_t4013 <-> speed_t4013,MEDIUM,0.3374102938794952
traffic_20_10,occupancy_6005 <-> speed_6005,LOW,0.3660754724907168,occupancy_6005 <-> speed_6005,MEDIUM,0.32270945119956645
traffic_20_10,occupancy_6005 <-> speed_6005,LOW,0.3660754724907168,occupancy_6005 <-> occupancy_t4013,MEDIUM,0.3484809621942081
traffic_20_10,occupancy_t4013 <-> speed_t4013,LOW,0.4808534694387648,occupancy_t4013 <-> speed_t4013,MEDIUM,0.46621543512964764
traffic_20_10,occupancy_t4013 <-> speed_t4013,LOW,0.4808534694387648,occupancy_6005 <-> speed_t4013,MEDIUM,0.4629828745599599
traffic_20_10,occupancy_t4013 <-> speed_t4013,LOW,0.4808534694387648,occupancy_t4013 <-> speed_t4013,MEDIUM,0.38489964618709405
traffic_20_10,occupancy_t4013 <-> speed_t4013,LOW,0.4808534694387648,occupancy_t4013 <-> speed_t4013,MEDIUM,0.3374102938794952
traffic_20_10,occupancy_t4013 <-> speed_t4013,LOW,0.4808534694387648,occupancy_6005 <-> speed_6005,MEDIUM,0.32270945119956645
traffic_20_10,occupancy_t4013 <-> speed_t4013,LOW,0.4808534694387648,occupancy_6005 <-> speed_6005,MEDIUM,0.39298443393398524
traffic_20_10,occupancy_t4013 <-> speed_t4013,LOW,0.4808534694387648,occupancy_6005 <-> occupancy_t4013,MEDIUM,0.3484809621942081
traffic_20_10,occupancy_6005 <-> speed_t4013,LOW,0.34905924297391544,occupancy_t4013 <-> speed_t4013,MEDIUM,0.3374102938794952
traffic_20_10,occupancy_6005 <-> speed_t4013,LOW,0.34905924297391544,occupancy_6005 <-> speed_6005,MEDIUM,0.32270945119956645
traffic_20_10,occupancy_6005 <-> speed_t4013,LOW,0.34905924297391544,occupancy_6005 <-> occupancy_t4013,MEDIUM,0.3484809621942081
traffic_60_30,occupancy_6005 <-> occupancy_t4013,LOW,0.4729588386040121,occupancy_6005 <-> occupancy_t4013,MEDIUM,0.4712235019509064
traffic_60_30,occupancy_t4013 <-> speed_t4013,LOW,0.49968828858561887,occupancy_6005 <-> occupancy_t4013,MEDIUM,0.4712235019509064
traffic_60_30,occupancy_t4013 <-> speed_6005,LOW,0.4901175014274707,occupancy_6005 <-> occupancy_t4013,MEDIUM,0.4712235019509064
traffic_60_30,occupancy_6005 <-> occupancy_t4013,LOW,0.47218227056956596,occupancy_6005 <-> occupancy_t4013,MEDIUM,0.4712235019509064
traffic_60_30,occupancy_6005 <-> occupancy_t4013,LOW,0.473273496376612,occupancy_6005 <-> occupancy_t4013,MEDIUM,0.4712235019509064
