run,rank_by_delta,pair,window_index,start_time,end_time,previous_corr,current_corr,delta,current_severity,reversal,current_reason,candidate_plain_message
aws_20_10,1,ec2_cpu <-> ec2_net,177,2014-04-16T03:59:00Z,2014-04-16T05:39:00Z,0.6958474626898151,-0.8069720571949327,1.5028195198847478,HIGH,True,"Correlation changed by 1.50, classified as HIGH severity",The relationship between ec2_cpu and ec2_net reversed during this period: it changed from tending to move together to tending to move in opposite directions.
aws_20_10,2,ec2_net <-> elb_req,212,2014-04-17T09:19:00Z,2014-04-17T10:54:00Z,0.3951593129468622,-0.3754639439974619,0.7706232569443241,HIGH,True,"Correlation changed by 0.77, classified as HIGH severity",The relationship between ec2_net and elb_req reversed during this period: it changed from tending to move together to tending to move in opposite directions.
aws_20_10,3,ec2_cpu <-> ec2_net,53,2014-04-11T20:24:00Z,2014-04-11T21:59:00Z,0.5563341742530137,-0.19189435206347932,0.748228526316493,HIGH,True,"Correlation changed by 0.75, classified as HIGH severity",The relationship between ec2_cpu and ec2_net reversed during this period: it changed from tending to move together to tending to move in opposite directions.
aws_20_10,4,ec2_cpu <-> ec2_net,172,2014-04-15T23:49:00Z,2014-04-16T01:24:00Z,0.38111839188604557,-0.3468189440229966,0.7279373359090422,HIGH,True,"Correlation changed by 0.73, classified as HIGH severity",The relationship between ec2_cpu and ec2_net reversed during this period: it changed from tending to move together to tending to move in opposite directions.
aws_20_10,5,ec2_net <-> elb_req,162,2014-04-15T15:29:00Z,2014-04-15T17:04:00Z,0.5089546655525523,-0.2043885783203581,0.7133432438729104,HIGH,True,"Correlation changed by 0.71, classified as HIGH severity",The relationship between ec2_net and elb_req reversed during this period: it changed from tending to move together to tending to move in opposite directions.
aws_60_30,1,ec2_cpu <-> ec2_net,59,2014-04-16T03:59:00Z,2014-04-16T08:59:00Z,0.3565374220480336,-0.6155289828195685,0.9720664048676021,HIGH,True,"Correlation changed by 0.97, classified as HIGH severity",The relationship between ec2_cpu and ec2_net reversed during this period: it changed from tending to move together to tending to move in opposite directions.
aws_60_30,2,ec2_cpu <-> ec2_net,15,2014-04-11T13:44:00Z,2014-04-11T18:39:00Z,-0.05792154155429582,0.5567799871661686,0.6147015287204645,MEDIUM,True,"Correlation changed by 0.61, classified as MEDIUM severity",The relationship between ec2_cpu and ec2_net reversed during this period: it changed from tending to move in opposite directions to tending to move together.
aws_60_30,3,ec2_cpu <-> ec2_net,18,2014-04-11T21:14:00Z,2014-04-12T02:09:00Z,0.5235423586720734,-0.08251704789997193,0.6060594065720454,MEDIUM,True,"Correlation changed by 0.61, classified as MEDIUM severity",The relationship between ec2_cpu and ec2_net reversed during this period: it changed from tending to move together to tending to move in opposite directions.
aws_60_30,4,ec2_cpu <-> ec2_net,60,2014-04-16T06:34:00Z,2014-04-16T11:34:00Z,-0.6155289828195685,-0.09953312317800933,0.5159958596415591,MEDIUM,False,"Correlation changed by 0.52, classified as MEDIUM severity",The relationship between ec2_cpu and ec2_net became weaker during this period.
aws_60_30,5,ec2_cpu <-> elb_req,124,2014-04-22T22:54:00Z,2014-04-23T03:49:00Z,-0.2567501636389065,0.25469192981976624,0.5114420934586728,MEDIUM,True,"Correlation changed by 0.51, classified as MEDIUM severity",The relationship between ec2_cpu and elb_req reversed during this period: it changed from tending to move in opposite directions to tending to move together.
complex_20_10,1,s1 <-> s3,31,310,329,0.8752135555416394,-0.9006774229283946,1.7758909784700339,HIGH,True,"Correlation changed by 1.78, classified as HIGH severity",The relationship between s1 and s3 reversed during this period: it changed from tending to move together to tending to move in opposite directions.
complex_20_10,2,s2 <-> s3,31,310,329,0.8752135555416394,-0.9006774229283946,1.7758909784700339,HIGH,True,"Correlation changed by 1.78, classified as HIGH severity",The relationship between s2 and s3 reversed during this period: it changed from tending to move together to tending to move in opposite directions.
complex_20_10,3,s2 <-> s3,78,780,799,-0.9163277880455234,0.8470017226319946,1.763329510677518,HIGH,True,"Correlation changed by 1.76, classified as HIGH severity",The relationship between s2 and s3 reversed during this period: it changed from tending to move in opposite directions to tending to move together.
complex_20_10,4,s1 <-> s2,78,780,799,-0.9163277906912126,0.8470016878174823,1.763329478508695,HIGH,True,"Correlation changed by 1.76, classified as HIGH severity",The relationship between s1 and s2 reversed during this period: it changed from tending to move in opposite directions to tending to move together.
complex_20_10,5,s1 <-> s2,94,940,959,0.7566631644151007,-0.9386536806836342,1.695316845098735,HIGH,True,"Correlation changed by 1.70, classified as HIGH severity",The relationship between s1 and s2 reversed during this period: it changed from tending to move together to tending to move in opposite directions.
traffic_20_10,1,occupancy_6005 <-> speed_6005,149,2015-09-16T05:14:00Z,2015-09-16T06:54:00Z,0.27781517110585224,-0.7627268210745326,1.040541992180385,HIGH,True,Weak-to-strong change: correlation went from 0.28 to -0.76,The relationship between occupancy_6005 and speed_6005 reversed during this period: it changed from tending to move together to tending to move in opposite directions.
traffic_20_10,2,occupancy_t4013 <-> speed_6005,15,2015-09-02T19:05:00Z,2015-09-03T05:11:00Z,-0.2571373595879598,0.6531728020948967,0.9103101616828565,HIGH,True,"Correlation changed by 0.91, classified as HIGH severity",The relationship between occupancy_t4013 and speed_6005 reversed during this period: it changed from tending to move in opposite directions to tending to move together.
traffic_20_10,3,occupancy_6005 <-> speed_6005,173,2015-09-17T06:20:00Z,2015-09-17T07:55:00Z,-0.4325764996547215,0.4681912796821212,0.9007677793368427,HIGH,True,"Correlation changed by 0.90, classified as HIGH severity",The relationship between occupancy_6005 and speed_6005 reversed during this period: it changed from tending to move in opposite directions to tending to move together.
traffic_20_10,4,occupancy_6005 <-> speed_t4013,5,2015-09-02T06:40:00Z,2015-09-02T08:15:00Z,-0.443088736179495,0.4468657881065153,0.8899545242860103,HIGH,True,"Correlation changed by 0.89, classified as HIGH severity",The relationship between speed_t4013 and occupancy_6005 reversed during this period: it changed from tending to move in opposite directions to tending to move together.
traffic_20_10,5,occupancy_t4013 <-> speed_t4013,151,2015-09-16T06:59:00Z,2015-09-16T08:34:00Z,-0.5417832629001498,0.33802045163398303,0.8798037145341329,HIGH,True,"Correlation changed by 0.88, classified as HIGH severity",The relationship between occupancy_t4013 and speed_t4013 reversed during this period: it changed from tending to move in opposite directions to tending to move together.
traffic_60_30,1,occupancy_t4013 <-> speed_t4013,17,2015-09-09T15:13:00Z,2015-09-10T08:53:00Z,-0.44460720116917113,0.25924288271113005,0.7038500838803012,HIGH,True,"Correlation changed by 0.70, classified as HIGH severity",The relationship between occupancy_t4013 and speed_t4013 reversed during this period: it changed from tending to move in opposite directions to tending to move together.
traffic_60_30,2,occupancy_6005 <-> occupancy_t4013,57,2015-09-17T04:35:00Z,2015-09-17T09:40:00Z,0.7171501803313775,0.11529668773511165,0.6018534925962657,MEDIUM,False,Strong-to-weak change: correlation went from 0.72 to 0.12,The relationship between occupancy_t4013 and occupancy_6005 became weaker during this period.
traffic_60_30,3,occupancy_6005 <-> speed_t4013,4,2015-09-02T14:50:00Z,2015-09-03T06:21:00Z,-0.44454507715761393,0.14247414589831936,0.5870192230559332,MEDIUM,True,"Correlation changed by 0.59, classified as MEDIUM severity",The relationship between speed_t4013 and occupancy_6005 reversed during this period: it changed from tending to move in opposite directions to tending to move together.
traffic_60_30,4,occupancy_6005 <-> occupancy_t4013,43,2015-09-15T06:00:00Z,2015-09-15T11:36:00Z,0.8226499613192583,0.2646805792919541,0.5579693820273042,MEDIUM,False,Strong-to-weak change: correlation went from 0.82 to 0.26,The relationship between occupancy_t4013 and occupancy_6005 became weaker during this period.
traffic_60_30,5,occupancy_t4013 <-> speed_t4013,19,2015-09-10T08:58:00Z,2015-09-10T16:37:00Z,0.41905783332562024,-0.08063045525999861,0.49968828858561887,LOW,True,"Correlation changed by 0.50, classified as LOW severity",The relationship between occupancy_t4013 and speed_t4013 reversed during this period: it changed from tending to move together to tending to move in opposite directions.
